FILIAL;CODIGO;NCM;DESCRICAO;PRECO;UND
08.393.837/0001-50;367;25171000; BRITA 19MM /CONCRETO;2.7;LATA
08.393.837/0001-50;1261;84818011; REGISTRO DE PRESSÃO 1400 3/4 BRUTO;15;UND
08.393.837/0001-50;710;25059000;1/2 CARRADA DE AREIA MEDIA;150;UND
08.393.837/0001-50;1048;85366990;2INTERRUPTOR + TOM 10 A TRAMONTINA;13;UND
08.393.837/0001-50;1049;85366990;2TOMADAS 10 A LUX2 TRAMONTINA;9.5;UND
08.393.837/0001-50;375;39269090;ABRAÇADEIRA DE NYLON  280X4.8;0.3;UND
08.393.837/0001-50;376;39269090;ABRAÇADEIRA DE NYLON 100X4.8 BRANCA ;0.1;UND
08.393.837/0001-50;377;39269090;ABRAÇADEIRA DE NYLON 140X4.8 BRANCA ;0.15;UND
08.393.837/0001-50;374;39269090;ABRAÇADEIRA DE NYLON 200X4.8 BRANCA ;0.2;UND
08.393.837/0001-50;1426;38259000;ACIDO MURIATICO;4;UND
08.393.837/0001-50;875;28070010;ACIDO MURIATICO 1L;4;UND
08.393.837/0001-50;694;73079100;ADAPTADOR COM FLANGE 1/2;5;UND
08.393.837/0001-50;1181;39174090;ADAPTADOR COM FRANGE 20X1/2 VIQUA;6.5;UND
08.393.837/0001-50;488;39174090;ADAPTADOR CURTO 1/2 KRONA ;0.5;UND
08.393.837/0001-50;1208;39174090;ADAPTADOR DE 1/2 SOLD;0.5;UND
08.393.837/0001-50;1283;39174090;ADAPTADOR SOLD CURTO  40MM KRONA;1.85;UND
08.393.837/0001-50;1371;39172300;ADAPTADOR SOLD CURTO 20MM X 1/2 KRONA;0.5;UND
08.393.837/0001-50;1372;39172300;ADAPTADOR SOLD CURTO 25MM X 3/4 KRONA;0.8;UND
08.393.837/0001-50;1373;39172300;ADAPTADOR SOLD CURTO 32 MM X 1 KRONA;2;UND
08.393.837/0001-50;1284;39174090;ADAPTADOR SOLD P/CAIXA DAGUA 20MM KRONA;5.5;UND
08.393.837/0001-50;1285;39174090;ADAPTADOR SOLD P/CAIXA DAGUA 25MM KRONA;6.5;UND
08.393.837/0001-50;1286;39174090;ADAPTADOR SOLD P/CAIXA DAGUA 32MM KRONA;9.9;UND
08.393.837/0001-50;1287;39174090;ADAPTADOR SOLD P/CAIXA DAGUA 40MM KRONA;11.09;UND
08.393.837/0001-50;1288;39174090;ADAPTADOR SOLD P/CAIXA DAGUA 50MM KRONA;10.46;UND
08.393.837/0001-50;681;39174090;ADAPTADOR SOLDAVEL 3/4 KRONA ;0.8;UND
08.393.837/0001-50;1209;39174090;ADAPTADOR SOLDAVEL KRONA 25X3/4;0.8;UND
08.393.837/0001-50;401;38089919;ADESIVO GRUDA RATO BRAND;4.5;UND
08.393.837/0001-50;1440;35061090;ADESIVO PLASTICO CARPLASTC ;0;UND
08.393.837/0001-50;386;35061010;ADESIVO SUPER BOND 1.5G;2.5;UND
08.393.837/0001-50;693;73079100;ADPTADOR COM FLANGE 50MM;13;UND
08.393.837/0001-50;748;39174090;ADPTADOR COM FRANGE 3/4 KRONA;6;UND
08.393.837/0001-50;1146;73023000;ALAVANCA DE FERRO GRANDE;70;UND
08.393.837/0001-50;1202;95072000;ANZOL NIQ PRETO CHINU 02 MARINE;0.1;UND
08.393.837/0001-50;692;25221000;APLIC-CAL;0.7;UND
08.393.837/0001-50;939;72171090;ARAME  RECOZIDO;1;GRAMA
08.393.837/0001-50;1217;72172090;ARAME LISO GALVONISADO MORL 18 ;17;UND
08.393.837/0001-50;1218;72171090;ARAME RECOZIDO  METALC 18;10;KG
08.393.837/0001-50;1422;82011000;ARCO DE SERRA AJUSTAVEL 8 - 12 BESTFER FERRARA;15;UND
08.393.837/0001-50;1160;82021000;ARCO DE SERRA TRAM.;12;UND
08.393.837/0001-50;364;25059000;AREIA BARRADA EM/LATA;1.3;LATA
08.393.837/0001-50;363;25059000;AREIA FINA BRANCA  EM/LATA;1.6;LATA
08.393.837/0001-50;362;25059000;AREIA GROSSA  EM/LATA;1.6;LATA
08.393.837/0001-50;361;25059000;AREIA MEDIA  EM/LATA;1.6;LATA
08.393.837/0001-50;937;38245000;ARGAMASSA ACIII BQMIL;0;UND
08.393.837/0001-50;355;38245000;ARGAMASSA BQ MIL CI 15KG;6.5;UND
08.393.837/0001-50;358;38245000;ARGAMASSA BQ MIL CII 15KG;9.5;UND
08.393.837/0001-50;1253;32149000;ARGAMASSA FORTCOLA ACIII;30;UND
08.393.837/0001-50;349;38245000;ARGAMASSA FORTCOLA EXTERIOR CII 20KG;10.5;UND
08.393.837/0001-50;347;38245000;ARGAMASSA FORTCOLA INTERIOR CI 15KG ;6.5;SC
08.393.837/0001-50;677;38245000;ARGAMASSA FORTICOLA CIII 20KG ;30;UND
08.393.837/0001-50;356;38245000;ARGAMASSA QUARTZOLIT CII  20KG;10.5;UND
08.393.837/0001-50;1416;83024100;ARMADOR BATOM ;8;UND
08.393.837/0001-50;1022;83024100;ARMADOR DE REDE PARA CHUMBAR;6.5;UND
08.393.837/0001-50;951;83024100;ARMADOR PARA REDE PARAFUSADO;7.5;PAR
08.393.837/0001-50;1415;83024100;ARMADOR TIRA E BOTA;6.5;PAR
08.393.837/0001-50;1502;73182100;ARRUELA;1;UND
08.393.837/0001-50;1506;73181600;ARUELA;0;UND
08.393.837/0001-50;754;39222000;ASSENTO ALMOFADADO PRIME CINZA ESCURO;45;UND
08.393.837/0001-50;755;39222000;ASSENTO ALMOFADADO PRIME CREME;45;UND
08.393.837/0001-50;753;39222000;ASSENTO AMOLFADADO PRIME BRANCO;45;UND
08.393.837/0001-50;778;39222000;ASSENTO ENVOLVENTE BEGE;15;UND
08.393.837/0001-50;777;39222000;ASSENTO ENVOLVENTE CINZA ESCURO;15;UND
08.393.837/0001-50;775;39222000;ASSENTO ENVOLVENTE IDEALE BRANCO;15;UND
08.393.837/0001-50;780;39222000;ASSENTO ENVOLVENTE IDEALE CARAMELO;15;UND
08.393.837/0001-50;779;39222000;ASSENTO ENVOLVENTE IDEALE CM;15;UND
08.393.837/0001-50;776;39222000;ASSENTO ENVOLVENTE IDEALE CZ CL;15;UND
08.393.837/0001-50;412;32091010;ASSENTO P/SANITARIO HERC ALMOFADADO;45;UND
08.393.837/0001-50;413;39222000;ASSENTO P/SANITARIO HERC ENVOL.;20;UND
08.393.837/0001-50;414;3922000;ASSENTO P/SANITARIO HERC MARROM ;15;UND
08.393.837/0001-50;1198;39259090;BALDE DE CONCRETO 10L GTX;5;UND
08.393.837/0001-50;1197;39259090;BALDE DE CONCRETO PLAST. 12L;6;UND
08.393.837/0001-50;1056;39249000;BALDE DE CONSTRUÇÃO PRETO;5;UND
08.393.837/0001-50;1500;73181300;BARRA ROSCADA 3/8;15;UND
08.393.837/0001-50;462;35061090;BELLO BANHEIRO C/BRANCO BC 46000W 220V LORENZ;46.5;UND
08.393.837/0001-50;666;68101100;BLOCO DE CERAMICA;1;UND
08.393.837/0001-50;1450;76061190;BOBINA DE ALUM 1100 H14X0800;25;MT
08.393.837/0001-50;1448;76061190;BOBINA DE ALUM. 1100H14 0.40X0.600;20;MT
08.393.837/0001-50;1449;76061190;BOBINA DE ALUM. 1100H14 0.40X0700;23;MT
08.393.837/0001-50;485;72104910;BOBINA GALVANIZADA 60CM  CIVIT;18;UND
08.393.837/0001-50;1052;85366100;BOCAL COM RABICHO FOX LUX;2.5;UND
08.393.837/0001-50;1053;94051093;BOCAL DE PORCELANA 60W OLIVO;3.5;UND
08.393.837/0001-50;1171;94051093;BOCAL DECORATIVO 60W OLIVO;4.5;UND
08.393.837/0001-50;565;85366100;BOCAL SOQUETE E27 C/ PLUGUE MACHO TERMOPLASTICO PRETO 4A/250V;4.5;UND
08.393.837/0001-50;567;85366100;BOCAL SOQUETE RABICHO  SIMPLES ;2.5;UND
08.393.837/0001-50;1158;84818019;BOIA AMANCO  1/2;7.5;UND
08.393.837/0001-50;387;84818019;BOIA P/CAIXA  D'GUA 1/2 AMANCO ;7.5;UND
08.393.837/0001-50;1436;96039000;BOINA POLIMENTO COMPEL;8;UND
08.393.837/0001-50;437;64019200;BOTA PVC 42;40;UND
08.393.837/0001-50;1430;73269090;BRAÇADEIRA DE AÇO;1.5;UND
08.393.837/0001-50;858;85469000;BRAQUTE DE CERAMICA;8.5;UND
08.393.837/0001-50;973;82075011;BROCA AÇO RAPIDO 1/4 IRWIN;7;UND
08.393.837/0001-50;974;82075011;BROCA AÇO RAPIDO 1/8 IRWIM;3.5;UND
08.393.837/0001-50;975;82075011;BROCA AÇO RAPIDO 3/16;4.5;UND
08.393.837/0001-50;976;82075011;BROCA AÇO RAPIDO 5/16;9;UND
08.393.837/0001-50;977;82075011;BROCA AÇO RAPIDO 5/32;3.5;UND
08.393.837/0001-50;1074;82075011;BROCA AÇO RAPIDO ATC11/64;5;UND
08.393.837/0001-50;978;82075011;BROCA AÇO RAPIDO9/64;3.5;UND
08.393.837/0001-50;707;82075019;BROCA CHATA ATC 5/8 ;11;UND
08.393.837/0001-50;585;82075019;BROCA CHATA ATC MADEIRA 5/8P ;8.5;UND
08.393.837/0001-50;981;82075011;BROCA CONCRETO 10MM IRWIM;10;UND
08.393.837/0001-50;982;82075011;BROCA CONCRETO 12MM;11;UND
08.393.837/0001-50;980;82075011;BROCA CONCRETO 8MM IRWIM;7.5;UND
08.393.837/0001-50;708;82075019;BROCA D/ AÇO RAPIDO 1/2 POL;20;UND
08.393.837/0001-50;979;82075011;BROCA DE CONCRETO 6MM IRWIM;5;UND
08.393.837/0001-50;535;39269090;BUCHA 6 S/PARAFUSO;0.2;UND
08.393.837/0001-50;536;39269090;BUCHA 7 FIX S/PARAFUSO NYLON ;0.2;UND
08.393.837/0001-50;534;39269090;BUCHA 8 FIX S/PAR.;0.25;UND
08.393.837/0001-50;1075;39269090;BUCHA DE FIXAÇÃO DURAFIX 8;0.25;UND
08.393.837/0001-50;1137;52029900;BUCHA DE POLIMENTO;1.5;UND
08.393.837/0001-50;989;39174090;BUCHA DE RED SOLD CURTA 25X20;0.5;UND
08.393.837/0001-50;990;39174090;BUCHA DE RED SOLD CURTA 32X25;1;UND
08.393.837/0001-50;394;39269090;BUCHA FIXA 10MM S/PARAFUSO;0.4;UND
08.393.837/0001-50;393;73181500;BUCHA FIXA 12MM S/PARAFUSO;0.6;UND
08.393.837/0001-50;1365;39172300;BUCHA RED. ROSC. 1 X 1/2 KRONA ;1.5;UND
08.393.837/0001-50;1366;39172300;BUCHA RED. ROSC. 1 X 3/4 KRONA ;1.5;UND
08.393.837/0001-50;1362;39172300;BUCHA RED. ROSCA 3/4 X 1/2 KRONA;0.5;UND
08.393.837/0001-50;1385;39174090;BUCHA RED.LONGA P/ESGOTODN 50 X 40 KRONA;18;UND
08.393.837/0001-50;486;39174090;BUCHA SOLDAVEL LONGA 50X20MM KRONA;2.5;UND
08.393.837/0001-50;1519;84819090;CABECOTE 2615 TORNEIRA VEDANTE CROMADP COM ROSCA;10;UND
08.393.837/0001-50;1522;84819090;CABECOTE CROMADO;20;UND
08.393.837/0001-50;1521;84819090;CABECOTE MVS AMARELO;10;UND
08.393.837/0001-50;1265;84819090;CABEÇOTE MVS TORNEIRA AMARELO M18;9;UND
08.393.837/0001-50;1520;84819090;CABECOTE SEMI LUXO ;15;UND
08.393.837/0001-50;1523;84819090;CABECOTE VADANTE TORNEIRA CROMADO ;10;UND
08.393.837/0001-50;1263;84819090;CABEÇOTE VEDANTE CROMADO 2618;7.5;UND
08.393.837/0001-50;1264;84819090;CABEÇOTE VEDANTE TORNEIRA 2615 CROMADO;7.5;UND
08.393.837/0001-50;1024;85444900;CABO ELETRICO 2,5MM;1;UND
08.393.837/0001-50;1001;85444900;CABO ELETRICO 6MM;3;UND
08.393.837/0001-50;586;85444900;CABO MAGATRO 4MMX100M AZUL ;1.7;METRO
08.393.837/0001-50;588;85444900;CABO MEGATRON 7MMX100 VERMELHO ;1.7;METRO
08.393.837/0001-50;952;73269090;CABO P/ ROLO DE LÃ;4;UND
08.393.837/0001-50;1145;44170090;CABO PARA CHIBANCA;10;UND
08.393.837/0001-50;1144;44170090;CABO PARA ENXADA;10;UND
08.393.837/0001-50;558;84011000;CADEADO DE LATAO LT 20MM;11;UND
08.393.837/0001-50;552;83011000;CADEADO DE LATAO PADO LT 25MM;12;UND
08.393.837/0001-50;555;84011000;CADEADO DE LATAO PADO LT 30MM;16;UND
08.393.837/0001-50;556;84011000;CADEADO DE LATAO PADO LT 40MM;22;UND
08.393.837/0001-50;557;84011000;CADEADO DE LATAO PADO LT 45MM;25;UND
08.393.837/0001-50;554;84011000;CADEADO DE LATAO PADO LT 50MM;27;UND
08.393.837/0001-50;928;83011000;CADEADO PADO 20MM;11;UND
08.393.837/0001-50;929;83011000;CADEADO PADO 30MM;15;UND
08.393.837/0001-50;931;83011000;CADEADO PADO 35MM;17;UND
08.393.837/0001-50;930;83011000;CADEADO PADO 40MM;21;UND
08.393.837/0001-50;747;39259090;CAIXA 310L TIGRE;145;UND
08.393.837/0001-50;997;39174090;CAIXA 4X2 KRONA;1.2;UND
08.393.837/0001-50;436;39251000;CAIXA D` ÁGUA 500L TIGRE;185;UND
08.393.837/0001-50;944;39251000;CAIXA D`ÁGUA 1000 L FORTLEV;250;UND
08.393.837/0001-50;940;39251000;CAIXA D`ÁGUA 1000 LITROS TIGRE;285;UND
08.393.837/0001-50;1069;39251000;CAIXA D'ÁGUA AMANCO;185;UND
08.393.837/0001-50;1109;39229000;CAIXA DE DESC. TIGRE;27;UND
08.393.837/0001-50;495;39174090;CAIXA DE LUZ 4X2 AMARELA 50X20 KRONA  ;1.2;UND
08.393.837/0001-50;372;39259090;CAIXA ENERGIA MONOFASICA ;45;UND
08.393.837/0001-50;1170;85366990;CAIXA MONOFASICA COSERN ;47;UND
08.393.837/0001-50;757;39174090;CAIXA SIFONADA 100X100X50;5.5;UND
08.393.837/0001-50;787;39174090;CAIXA SIFONADA 250X250X75 QUADRADA C/CESTO E TAMPA;60;UND
08.393.837/0001-50;1412;39174090;CAIXA SINFONADA KRONA;10;UND
08.393.837/0001-50;424;40139000;CAMARA DE AR LEVORIN;25;UND
08.393.837/0001-50;384;39162000;CANALETA  ADESIVADA;6.5;UND
08.393.837/0001-50;915;39172300;CANDUITE 1/2 PLASTMAM;1.5;UND
08.393.837/0001-50;738;39174090;CANDUITE DE 3/4 TIGRE;1.5;METRO
08.393.837/0001-50;1220;39174090;CAP DE ESGOTO DE 50MM;3.5;UND
08.393.837/0001-50;740;39174090;CAP ESG 100 KRONA;5;UND
08.393.837/0001-50;795;39174090;CAP ESG 100MM KRONA;4.5;UND
08.393.837/0001-50;1221;39174090;CAP ESGOTO 75MM;4;UND
08.393.837/0001-50;1386;39174090;CAP ESGOTO PRIM. DN 100 KRONA;5;UND
08.393.837/0001-50;1291;39174090;CAP SOLD 25MM KRONA;0.8;UND
08.393.837/0001-50;1292;39174090;CAP SOLD 32MM KRONA;1;UND
08.393.837/0001-50;1293;39174090;CAP SOLD 40MM KRONA;2;UND
08.393.837/0001-50;1294;39174090;CAP SOLD 50MM KRONA;5;UND
08.393.837/0001-50;1219;39174090;CAPS DE ESG 100MM;5;UND
08.393.837/0001-50;885;39174090;CAPS ESG 100 MM;4.5;UND
08.393.837/0001-50;882;39174090;CAPS ESG 40MM;1.2;UND
08.393.837/0001-50;883;39174090;CAPS ESG 50MM;3;UND
08.393.837/0001-50;884;39174090;CAPS ESG 75MM;3.5;UND
08.393.837/0001-50;484;39174090;CAPS SOLDAVEL 20MM KRONA ;0.5;UND
08.393.837/0001-50;879;39174090;CAPS SOLDAVEL 25MM;0.8;UND
08.393.837/0001-50;880;39174090;CAPS SOLDAVEL DE 32MM;2;UND
08.393.837/0001-50;881;39174090;CAPS SOLDAVEL DE 40MM;3.5;UND
08.393.837/0001-50;736;25059000;CARRADA DE AREIA MEDIA ;300;UND
08.393.837/0001-50;463;35061090;CARRINHO DE MÃO CAÇAMBA RASPA ;115;UND
08.393.837/0001-50;373;87168000;CARRO DE MÃO EXTRA FORTE ;200;UND
08.393.837/0001-50;1066;87168000;CARRO DE MÃO TRAMONTINA;110;UND
08.393.837/0001-50;438;82010000;CAVADEIRA ARTICULADA STAN MONFORT;38;UND
08.393.837/0001-50;924;85381000;CENTRO DE DISTRIBUIÇÃO 3/4 FUME ;11;UND
08.393.837/0001-50;923;85381000;CENTRO DE DISTRIBUIÇÃO P/ 1 DIJUNTO;5;UND
08.393.837/0001-50;723;69149000;CERAMICA TIPO EXTRA 46X46 CERBRAS ;17.5;UND
08.393.837/0001-50;1086;82054000;CHAVE DE BOCA ;5;UND
08.393.837/0001-50;1276;85366100;CHAVE DE TESTE ;3;UND
08.393.837/0001-50;1199;84669340;CHAVE MANDRIL STAFER;6;UND
08.393.837/0001-50;457;35061090;CHIBANCA C/CABO TRAMONTINA ;48;UND
08.393.837/0001-50;789;84818019;CHUVEIRO HERC COM REGISTRO 30CM;6.5;UND
08.393.837/0001-50;788;84818019;CHUVEIRO HERC SIMPLES;5;UND
08.393.837/0001-50;589;39174090;CHUVEIRO KONA C/BRANCO 1/2;7.5;UND
08.393.837/0001-50;1223;39174090;CHUVEIRO KRONA ;7.5;UND
08.393.837/0001-50;1482;25232910;CIMENTO APODI CP2 2;25.5;UND
08.393.837/0001-50;1279;25232100;CIMENTO APODI CPII 50 KG;22;UND
08.393.837/0001-50;1122;25232910;CIMENTO BRANCO FORTCOLA;3.5;UND
08.393.837/0001-50;608;25232910;CIMENTO EM AGRANEL NASSAL / NACIONAL;0.8;KG
08.393.837/0001-50;745;25232910;CIMENTO EM KILO;1;UND
08.393.837/0001-50;1488;25232910;CIMENTO NASSAU 50KG;26.5;UND
08.393.837/0001-50;346;25232910;CIMENTO NASSAU POTLAND-PIV 25 KG;13;SC
08.393.837/0001-50;345;25232910;CIMENTO NASSAU POTLAND-PIV 50 KG ;23;SC
08.393.837/0001-50;877;28070010;CLORO;4;UND
08.393.837/0001-50;938;35061090;COLA BRANCA 1 KG BQMIL;11;UND
08.393.837/0001-50;746;35061090;COLA BRANCA 1000G;11;UND
08.393.837/0001-50;678;35069190;COLA BRANCA FORT FLEX 1KG ;10;UND
08.393.837/0001-50;1194;32141010;COLA DE SILICONE 50G PROTEG;5;UND
08.393.837/0001-50;1116;35061090;COLA DE SILICONE AMAZONAS 50G;5;UND
08.393.837/0001-50;1224;35069190;COLA DURAPOXI LIQUIDO ;12.5;UND
08.393.837/0001-50;910;35061090;COLA FORMICA UNO 200G;7;UND
08.393.837/0001-50;1435;35061090;COLA NORCOLA;9;UND
08.393.837/0001-50;417;35061090;COLA PVC 17G KRONA;2;UND
08.393.837/0001-50;416;35069110;COLA PVC 75G ;5;UND
08.393.837/0001-50;996;35061010;COLA TEKBOND INST. 20G;8;UND
08.393.837/0001-50;1438;35061090;COLA TUBO PVC G AMAZONAS 75G;4.5;UND
08.393.837/0001-50;400;39174090;COLAR DE TOMADA 50X3/4 AMANCO;9.5;UND
08.393.837/0001-50;399;39174090;COLAR DE TOMADA PBA DN50X1/2 AMANCO;9.5;UND
08.393.837/0001-50;792;82055900;COLHER DE PEDREIRO 9" CANTO REDONDO PACETA;23;UND
08.393.837/0001-50;1228;82055900;COLHER DE PEDREIRO PACETA N9 ;23;UND
08.393.837/0001-50;984;82055900;COLHER DE PEDREIRO¨8¨ PACETTA;20;UND
08.393.837/0001-50;1227;0;COLHER P/PEDREIRO BELOTA N°6;10;UND
08.393.837/0001-50;983;82055900;COLHER PEDREIRO ¨6¨ PACETTA;17.5;UND
08.393.837/0001-50;674;68101100;COMUNGOL 40X40;7;UND
08.393.837/0001-50;836;39174090;CONDUITE 3/4;1.7;UND
08.393.837/0001-50;837;39174090;CONDUITE DE 1/2;1.2;UND
08.393.837/0001-50;722;69109000;CONJUTO SANITARIO ACOPLADO LOGASA;200;UND
08.393.837/0001-50;934;32064990;CORANTE JUNTALIDER 50ML;2.5;UND
08.393.837/0001-50;603;32041700;CORANTE XZ VERDE 12X50ML;2.5;UND
08.393.837/0001-50;1063;56041000;CORDA DE SEDA;1.4;UND
08.393.837/0001-50;920;56075090;CORDA MULT FORCE Nº10;1.4;METRO
08.393.837/0001-50;733;32149000;COZINHA E BANHEIROQTZ 20KG PA;10.5;UND
08.393.837/0001-50;592;39174090;CURVA SOLDAVEL 90 KRONA 20MM ;2.5;UND
08.393.837/0001-50;593;39174090;CURVA SOLDAVEL 90 KRONA 25MM;3;UND
08.393.837/0001-50;439;82055900;DESEMPENADEIRA ACO DENT CB PLAS;10;UND
08.393.837/0001-50;440;82055900;DESEMPENADEIRA LISA CB PLAST;10;UND
08.393.837/0001-50;1057;84651000;DESENPOLADEIRA PEQUENA ;3;UND
08.393.837/0001-50;581;68053020;DISCO  LIXA  P/MADEIRA 36 ABRASIVO ;5;UND
08.393.837/0001-50;582;64042211;DISCO BOSCH EXPERTMETAL 8500RPM 180 X3,0X22,23MM;5;UND
08.393.837/0001-50;441;68042119;DISCO CONTINUO IRWIN 1500RPM 110MMX20MM ;20;UND
08.393.837/0001-50;1437;40069000;DISCO DE BORRACHA TOMPHISON FLEX;7;UND
08.393.837/0001-50;577;68042211;DISCO DE CORTE FERRO 115X22,2MM MELFI ;4;UND
08.393.837/0001-50;576;64042211;DISCO DE CORTE INOX 115X2,2MM ;4;UND
08.393.837/0001-50;578;68053020;DISCO DE CORTE METAL 115X22,2MM MAX FERRRAGENS ;5.5;UND
08.393.837/0001-50;1277;82023900;DISCO DE CORTE P/MADEIRA;12;UND
08.393.837/0001-50;1002;68042119;DISCO DE DIAM. LISO 105MM;18;UND
08.393.837/0001-50;1076;0;DISCO DE REBOLO PARA ESMERIL;22;UND
08.393.837/0001-50;1004;68042119;DISCO DIAM. BOCH TURBO 105MM;18;UND
08.393.837/0001-50;1003;68042119;DISCO DIAM.BOSCH SEG 105MM;18;UND
08.393.837/0001-50;568;68053020;DISCO DIAMANTADO BESTFER 13.800 110MM/22,23MM;12;UND
08.393.837/0001-50;570;68053020;DISCO DIAMANTADO BOSH 110MMX20MM;25;UND
08.393.837/0001-50;571;68053020;DISCO DIAMANTADO FETAK 110MMX4,3POL CORTE SECO TURBO ;25;UND
08.393.837/0001-50;583;68053020;DISCO LIXA NORTON F212 A36 MADEIRA ;6;UND
08.393.837/0001-50;1005;85362000;DISJUNTOR 25 A LORENZETTI;9.5;UND
08.393.837/0001-50;564;85362000;DISJUNTOR C40 LEGRAND TRIFASICO;35;UND
08.393.837/0001-50;1153;35061090;DISJUNTOR MONO 30A PIAL;15;UND
08.393.837/0001-50;559;85362000;DISJUNTOR SERIE SD61 20A 1P CURVA B 3KA C16;9.5;UND
08.393.837/0001-50;560;84011000;DISJUNTOR SERIE SD61 20A 1P CURVA B 3KA C20;9.5;UND
08.393.837/0001-50;563;85362000;DISJUNTOR STECK SD 3P C40 ;35;UND
08.393.837/0001-50;476;84818019;DUCHA HIGIENICA BRANCA PVC HIGBAN ;22;UND
08.393.837/0001-50;461;39229000;DUCHA HIGIRNICA PVC BC DUDA ;20;UND
08.393.837/0001-50;1175;32141010;DURAPOXI 50G LOCTITE HENKEL;4.5;UND
08.393.837/0001-50;385;32141010;DUREPOX 50G LOCTITE;4.5;UND
08.393.837/0001-50;591;32141010;DUREPOX LOCTITE 100G;6.5;UND
08.393.837/0001-50;949;83111000;ELETRODO ;15;KILO
08.393.837/0001-50;688;40091100;ENGATE FLEXIVEL 40CM HERC;4;UND
08.393.837/0001-50;741;39174090;ENGATE PLAST 40CM KRONA;4;UND
08.393.837/0001-50;1402;39174090;ENGATE PLASTICO 30 CM X 1/2 KRONA;3;UND
08.393.837/0001-50;1403;39174090;ENGATE PLASTICO 40 CM X 1/2 KRONA;4;UND
08.393.837/0001-50;1404;39174090;ENGATE PLASTICO 50 CM X 1/2 KRONA;5;UND
08.393.837/0001-50;1406;39174090;ENGATE PLASTICO 60CM X 1/2 KRONA;6;UND
08.393.837/0001-50;459;35061090;ENXADA BAHIA VIRADA C/ CABO;31;UND
08.393.837/0001-50;1230;82013000;ENXADA BELOTA ;33;UND
08.393.837/0001-50;391;82013000;ENXADA TRAMONTINA 2.5;23.5;UND
08.393.837/0001-50;1201;96035000;ESCOVA DE AÇO CIRCULA 50X8MM;6.5;UND
08.393.837/0001-50;423;39259090;ESPAÇADOR AZULEJO 3MM;3.5;UND
08.393.837/0001-50;421;39259090;ESPAÇADOR DE AZULEJO PISO 4MM;3.5;UND
08.393.837/0001-50;422;39259090;ESPAÇADOR DE AZULESO 2MM WORKER;3.5;UNI
08.393.837/0001-50;906;8205.59.;ESPATULA  DE AÇO 60MM;3.1;UND
08.393.837/0001-50;905;82055900;ESPATULA DE AÇO 8CM;5.5;UND
08.393.837/0001-50;1407;39174090;ESPUDE P/VASO SANITARIO KRONA ;3;UND
08.393.837/0001-50;954;90172000;ESQUADRO 12`` FAMASTIL;12;UND
08.393.837/0001-50;1278;85442000;EXTENSÃO 5 MTS STOP SHOK;23;UND
08.393.837/0001-50;1000;83014000;FECHADURA INTERNA UNE;21;UND
08.393.837/0001-50;569;83014000;FECHADURA SOBREPOR PADO SERR ACO ZAMC 525/34 EP  55MM;50;UND
08.393.837/0001-50;998;83014000;FECHADURA UNE EXTERNA;30;UND
08.393.837/0001-50;1492;73181500;FERROLHO MEDIO;3;UND
08.393.837/0001-50;1229;85444900;FIO PARALELO 1,50MM;1.8;UND
08.393.837/0001-50;916;85444900;FIO PARALELO 2X1 100M;1.2;METRO
08.393.837/0001-50;1216;35061090;FITA 3M 19MMX20M VHB;3;UND
08.393.837/0001-50;1215;35061090;FITA ADESIVA 3M DUPLA FACE 12X20M;2;UND
08.393.837/0001-50;907;48114110;FITA CREPE 19MMX50MT;5;UND
08.393.837/0001-50;1006;48114110;FITA CREPE ADERE 48MMX50;10;UND
08.393.837/0001-50;675;48114110;FITA CREPE ADESIVA AFA;5;UND
08.393.837/0001-50;442;48114110;FITA CREPE USO GERAL 50MMX50M ADELBRAS;10;UND
08.393.837/0001-50;950;35061090;FITA DUPLA FACE VHB;3;METRO
08.393.837/0001-50;1233;39191020;FITA ISOLANTE 10 MT 3M;4;UND
08.393.837/0001-50;1232;39191020;FITA ISOLANTE 5 MT 3M;2.5;UND
08.393.837/0001-50;580;59061000;FITA ISOLANTE AVNAT 10 METROS 19MM;3.5;UND
08.393.837/0001-50;584;59061000;FITA ISOLANTE CARNEIRO 5M;1.5;UND
08.393.837/0001-50;579;59061000;FITA ISOLANTE PRATIK 18M,M X 20M 1ROLO;5.5;UND
08.393.837/0001-50;467;73170010;FIXADOR BRANCO P/FIO 1 A 2.5MM 15UNID;2;PACOTE
08.393.837/0001-50;1206;82053000;FORMÃO 5/8 CHANFRADO MONFORT;9.5;UND
08.393.837/0001-50;1234;82053000;FORMÃO MOMFORT;9.5;UN
08.393.837/0001-50;726;82053000;FORMAO MONF. AÇO CB. MAD 5/8;13;UND
08.393.837/0001-50;704;39174090;FRANGE 32MM KRONA/TIGRE;7.5;UND
08.393.837/0001-50;703;39174090;FRANGE 50MM KRONA/TIGRE;13;UND
08.393.837/0001-50;1210;39174090;FRANGE DE 1/2 KRONA;5.5;UND
08.393.837/0001-50;1211;39174090;FRANGE DE 3/4;6.5;UND
08.393.837/0001-50;1212;39174090;FRANGE DE 32MM;7.5;UND
08.393.837/0001-50;1213;39174090;FRANGE DE 40MM;11.5;UND
08.393.837/0001-50;1214;39174090;FRANGE DE 50MM;13.5;UND
08.393.837/0001-50;1062;39174090;FRANJO DE 1/2;6.5;UND
08.393.837/0001-50;1205;83024100;GANCHO DE REDE PARAFUSAR SILVANA C12;7.5;UND
08.393.837/0001-50;857;68091100;GESSO 40 KG;17;UND
08.393.837/0001-50;607;25059000;GESSO E/ AGRANEL EM PÓ SÃO JOSE;1;KG
08.393.837/0001-50;1200;25041000;GRAFITE EM PO GARRA 15G;4;UND
08.393.837/0001-50;696;73170020;GRAMPO DE MURO;4.8;KG
08.393.837/0001-50;1417;83024100;GRAMPO RCL;5;KG
08.393.837/0001-50;1526;73259990;GRELHA QUADRADA;15;UND
08.393.837/0001-50;1424;73269090;HASTE PARA ATERRAMENTO;13.5;UND
08.393.837/0001-50;742;85365090;INTERROPITOR EXT ILUMI;3.5;UND
08.393.837/0001-50;1164;85366990;INTERRUPITOR +TOMADA LUX2 TRAM.;9.5;UND
08.393.837/0001-50;1162;85362000;INTERRUPITOR DUPLO LUX 2  TRAM.;10.5;UND
08.393.837/0001-50;1156;35061090;INTERRUPITOR SIMPLES LIZAFLEX TRAM.;8;UND
08.393.837/0001-50;464;85362000;INTERRUPTOR DUPLO SIMPLES 10A LUX ;9.5;UND
08.393.837/0001-50;371;35061090;INTERRUPTOR SIMPLES DE 10A LIZFLEX ;9.5;UND
08.393.837/0001-50;1165;85362000;INTERRUPTOR SIMPLES LUX2 TRAM.;7.5;UND
08.393.837/0001-50;724;48181000;JANELÃO D/1,20M ;120;UND
08.393.837/0001-50;700;39174090;JOELHO 100MM KRONA ESGOTO ;4;UND
08.393.837/0001-50;1388;39174090;JOELHO 45 ESGOTO PRI. DN 50 KRONA;3;UND
08.393.837/0001-50;1390;39174090;JOELHO 45 ESGOTO PRIM. DN 100 KRONA;6;UND
08.393.837/0001-50;1389;39174090;JOELHO 45 ESGOTO PRIM. DN 75 KRONA;4.5;UND
08.393.837/0001-50;1387;39174090;JOELHO 45 ESGOTO SEC DN 40 KRONA ;2;UND
08.393.837/0001-50;1295;39174090;JOELHO 45 SOLD 20MM KRONA;0.5;UND
08.393.837/0001-50;1306;39174090;JOELHO 45 SOLD 32MM KRONA;2;UND
08.393.837/0001-50;1298;39174090;JOELHO 485 SOLD 32MM;2;UND
08.393.837/0001-50;744;39174090;JOELHO 90 ESG. 50 KRONA;1.6;UND
08.393.837/0001-50;1394;39174090;JOELHO 90 ESGOTO PRIM. DN 100 KRONA ;4.5;UND
08.393.837/0001-50;1392;39174090;JOELHO 90 ESGOTO PRIM. DN 50 KRONA;1.6;UND
08.393.837/0001-50;1393;39174090;JOELHO 90 ESGOTO PRIM. DN 75 KRONA ;3.5;UND
08.393.837/0001-50;1391;39174090;JOELHO 90 ESGOTO SEC. DN 40 KRONA;1.2;UND
08.393.837/0001-50;1304;39174090;JOELHO 90 RED SOLD 25 X 20MM KRONA;3.5;UND
08.393.837/0001-50;1308;39174090;JOELHO 90 RED SOLD 32 X 25 MM KRONA;2.5;UND
08.393.837/0001-50;1299;39174090;JOELHO 90 SOLD 20MM KRONA;0.5;UND
08.393.837/0001-50;1300;39174090;JOELHO 90 SOLD 25MM KRONA;0.8;UND
08.393.837/0001-50;1301;39174090;JOELHO 90 SOLD 32MM KRONA;1.5;UND
08.393.837/0001-50;1302;39174090;JOELHO 90 SOLD 40MM KRONA;2.5;UND
08.393.837/0001-50;1340;39174090;JOELHO 90 SOLD C/BUCHA LATAO 20MM X 1/2 KRONA;6;UND
08.393.837/0001-50;1341;39174090;JOELHO 90 SOLD C/BUCHA LATAO 25MM X 3/4 KRONA;1.9;UND
08.393.837/0001-50;1328;39174090;JOELHO 90 SOLD E ROSCA (LR) 25MM X 1/2 KRONA ;2;UND
08.393.837/0001-50;1327;39174090;JOELHO 90 SOLD E ROSCA (LR) 25MM X 3/4;1.5;UND
08.393.837/0001-50;1326;39174090;JOELHO 90 SOLD E ROSCA (LR)20MM X 1/2 KRONA ;1;UND
08.393.837/0001-50;1303;39174090;JOELHO 90 SOLS 50MM KRONA;2.5;UND
08.393.837/0001-50;482;39174090;JOELHO 90° DE 100MM ESGOTRO KRONA ;4.5;UND
08.393.837/0001-50;469;39174090;JOELHO 90° DE 25MM 1/2;0.5;UND
08.393.837/0001-50;474;39174090;JOELHO 90° SOLDAVEL 50 MM ;3.5;UND
08.393.837/0001-50;468;39174090;JOELHO DE  45° 20MM 1/2;1;UND
08.393.837/0001-50;701;39174090;JOELHO DE 40MM KRONA ;1.2;UND
08.393.837/0001-50;443;39174090;JOELHO LRM 20X1/2 PLASTILIT;4;UND
08.393.837/0001-50;743;39174090;JOELHO90 ESG 40MM KRONA;1.2;UND
08.393.837/0001-50;957;82029990;JOGO SERRA DE COPO 6PCS KALA;22;UND
08.393.837/0001-50;749;39174090;JUELHO 3/4 KRONA;0.8;UND
08.393.837/0001-50;799;39174090;JUELHO 3/4 LR KRONA;1.5;UND
08.393.837/0001-50;796;39174090;JUELHO DE 1/2 LL KRONA;0.5;UND
08.393.837/0001-50;797;39174090;JUELHO DE 1/2 LR KRONA;1;UND
08.393.837/0001-50;706;39174090;JUELHO DE 100MM ESGOTO;4.5;UND
08.393.837/0001-50;798;39174090;JUELHO DE 3/4 LL KRONA;0.8;UND
08.393.837/0001-50;825;39174090;JUELHO ESG 100MM KRONA;4.5;UND
08.393.837/0001-50;822;39174090;JUELHO ESG 4OMM KRONA;1.2;UND
08.393.837/0001-50;823;39174090;JUELHO ESG 50 MM KRONA;1.6;UND
08.393.837/0001-50;824;39174090;JUELHO ESG 75MM KRONA;3.5;UND
08.393.837/0001-50;800;39174090;JUELHO SOLD 32 MM LL;2;UND
08.393.837/0001-50;801;39174090;JUELHO SOLD 32 MM LR;2.5;UND
08.393.837/0001-50;802;39174090;JUELHO SOLD 40MM ;2.5;UND
08.393.837/0001-50;803;39174090;JUELHO SOLD 50MM;5.5;UND
08.393.837/0001-50;392;39169090;JUNTA DILATAÇÃO PISO 08X3.5/2M;2;UND
08.393.837/0001-50;1524;84819090;KIT ACABAMENTO;21;UND
08.393.837/0001-50;1498;83021000;KIT DOBRADIÇA SIMPLES;9.5;UND
08.393.837/0001-50;395;73249000;KIT P/BANHEIRO METAl talita;45;UND
08.393.837/0001-50;466;85381000;KIT P/MEDIÇÃO MONOFASICA C/JANELA TAF ;45;UND
08.393.837/0001-50;1083;85393100;LAMAPADA PHILIPS 220V 14W;10;UND
08.393.837/0001-50;575;85393100;LAMPADA FLC 15W 220V LUZ BANCA ;9;UND
08.393.837/0001-50;572;85392200;LAMPADA FLC 220V 20W LUZ BRANCA ;11;UND
08.393.837/0001-50;1037;85393100;LAMPADA FLUORECENTE  T10 20W 25X1;8.5;UND
08.393.837/0001-50;1045;85393100;LAMPADA FLUORESCENTE 40W;8.5;UND
08.393.837/0001-50;1489;85393100;LAMPADA FORLUX ;10;UND
08.393.837/0001-50;573;85437099;LAMPADA HOMELED  9W 6500K 220V ;16;UND
08.393.837/0001-50;574;84393100;LAMPADA LED NEOTRON 11W 220V ;13.5;UND
08.393.837/0001-50;594;85437099;LAMPADA LED PHLIPS 7W ;13;UND
08.393.837/0001-50;1084;85393100;LAMPADA PHILIPS 220V 18W 3U;12;UND
08.393.837/0001-50;381;96091000;LAPIS CARPINTEIRO EHC ;2;UND
08.393.837/0001-50;402;96091000;LAPIS CARPINTEIRO THOMPSON ;2;UND
08.393.837/0001-50;866;68109900;LAVANDERIA CER SINTETICA 1,20 ;85;UND
08.393.837/0001-50;865;68109900;LAVANDERIA CER SINTETICA 80CM;55;UND
08.393.837/0001-50;863;68109900;LAVANDERIA DE MARMORE SINTETICO 0,80CM;60;UND
08.393.837/0001-50;862;68109900;LAVANDERIA MARMORE SINTETICO 1,00 METRO;75;UND
08.393.837/0001-50;868;68109900;LAVANDERIA SINT DE MARMORE 3 CUBAS ;120;UND
08.393.837/0001-50;867;68109900;LAVANDERIA SINTETICO MARMORE 1,50;90;UND
08.393.837/0001-50;1059;68022300;LAVATORIO COM COLUNA;130;UND
08.393.837/0001-50;1409;39221000;LAVATORIO KRONA-BRANCO 36X26 CM ;25;UND
08.393.837/0001-50;1185;69109000;LAVATORIO SUSPENSO DECA JADE BRANCO;50;UND
08.393.837/0001-50;732;82031010;LIMA KF ENXADA 8 POLEG. C /CABO;15;UND
08.393.837/0001-50;958;54041990;LINHA DE PEDREIRO NYLON BR 0,80X100M TREVO;11;UND
08.393.837/0001-50;447;54041990;LINHA PEDEIRO NYLON BR 0,80X100M TREVO;11;UND
08.393.837/0001-50;444;56040909;LINNHA DE PEDEIRO LISA 100M WORKER;6;UND
08.393.837/0001-50;1007;68052000;LIXA 3M D'AGUA 401Q 2000 50X1;4;UND
08.393.837/0001-50;1011;68051000;LIXA 3M FERRO 100 50X1;2.5;UND
08.393.837/0001-50;1012;68051000;LIXA 3M FERRO 120 ;2.5;UND
08.393.837/0001-50;1013;68051000;LIXA 3M FERRO 150 50X1;2.5;UND
08.393.837/0001-50;1014;68051000;LIXA 3M FERRO 180;2.5;UND
08.393.837/0001-50;1015;68051000;LIXA 3M FERRO 220 50X1;2.5;UND
08.393.837/0001-50;1008;68051000;LIXA 3M FERRO 50;2.5;UND
08.393.837/0001-50;1009;68051000;LIXA 3M FERRO 60 ;2.5;UND
08.393.837/0001-50;1010;68051000;LIXA 3M FERRO 80 50X1;2.5;UND
08.393.837/0001-50;1017;68052000;LIXA 3M MASSA 100 50X1;0.8;UND
08.393.837/0001-50;1018;68052000;LIXA 3M MASSA 120 50X1;0.8;UND
08.393.837/0001-50;1019;68052000;LIXA 3M MASSA 150 50X1;0.8;UND
08.393.837/0001-50;1016;68052000;LIXA 3M MASSA 80 50X1;0.8;UND
08.393.837/0001-50;543;68052000;LIXA D/FERRO TRIONTE K200  TATU N° 36;2.5;UND
08.393.837/0001-50;545;68052000;LIXA D'AGUA 3M 225MMX275MM N° 120;2.5;UND
08.393.837/0001-50;448;68052000;LIXA D'AGUA 600 225X275 WORKER;4;UND
08.393.837/0001-50;449;68052000;LIXA D'AGUA 80 225X275 WORKER;2.5;UND
08.393.837/0001-50;547;68052000;LIXA D'AGUA BESTFER 225MMX275MM N°360;2.5;UND
08.393.837/0001-50;959;68052000;LIXA DÀGUA GR 180 WORKER ;2.5;UND
08.393.837/0001-50;542;68052000;LIXA D'AGUA P/PINTURA PRIME E VERNIZ 600;4;UND
08.393.837/0001-50;541;68052000;LIXA D'AGUA P/PINTURA PRIME E VERNIZES 80;2.5;UND
08.393.837/0001-50;961;68051000;LIXA DE FERRO GR 50;2.5;UND
08.393.837/0001-50;960;68051000;LIXA FERRO GR 36 WOKER;2.5;UND
08.393.837/0001-50;540;68052000;LIXA MASSA , ALVENARIA E MADEIRA 225MMX275MM;0.8;UND
08.393.837/0001-50;450;68052000;LIXA MASSA MADEIRA 100 225X275 WORKER;0.8;UND
08.393.837/0001-50;451;68052000;LIXA MASSA MADEIRA 120 225X275 WORKER;0.8;UND
08.393.837/0001-50;452;68052000;LIXA MASSA MADEIRA 150 225X275 WORKER;0.8;UND
08.393.837/0001-50;453;68052000;LIXA MASSA MADEIRA 80 225X275 WORKER;0.8;UND
08.393.837/0001-50;962;68052000;LIXA MASSA MADEIRA GR 100;0.8;UND
08.393.837/0001-50;963;68052000;LIXA MASSA MADEIRA GR 120;0.8;UND
08.393.837/0001-50;964;68052000;LIXA MASSA MADEIRA GR150 WORKER;0.8;UND
08.393.837/0001-50;965;68052000;LIXA MASSA MADEIRA GR180 WORKER;0.8;UND
08.393.837/0001-50;966;68052000;LIXA MASSA MADEIRA GR50 WORKER;0.8;UND
08.393.837/0001-50;967;68052000;LIXA MASSA MADEIRA GR60;0.8;UND
08.393.837/0001-50;968;68052000;LIXA MASSA MADEIRA GR80;0.8;UND
08.393.837/0001-50;1020;68052000;LIXA NORTON D'ÁGUA G1200 50X1;4;UND
08.393.837/0001-50;1021;68052000;LIXA NORTON D'ÁGUA G400 50X1;2.5;UND
08.393.837/0001-50;1027;68052000;LIXA NORTON D'ÁGUA G600 50X1;4;UND
08.393.837/0001-50;546;68052000;LIXA P/FERRO 225MMX275MM TATU N°120;2.5;UND
08.393.837/0001-50;389;39259090;LONA PRETA 04X100;5.5;UND
08.393.837/0001-50;1195;39202019;LONA PRETA MAXLONA 4X100;6;MTS
08.393.837/0001-50;1239;39174090;LUA RED. LONGA 25X20;1;UND
08.393.837/0001-50;396;39174090;LUVA DE CORRE 20MM 1/2;6;UND
08.393.837/0001-50;398;39174090;LUVA DE CORRE P/TUPO 25MM ;7;UND
08.393.837/0001-50;820;39174090;LUVA DE CORRER 3/4;7;UND
08.393.837/0001-50;821;39174090;LUVA DE CORRER 32 MM;8;UND
08.393.837/0001-50;1316;39174090;LUVA DE CORRER P/ TUBO SOLD 32MM KRONA;11;UND
08.393.837/0001-50;1314;39174090;LUVA DE CORRER P/TUBO SOLD 20MM KRONA ;5;UND
08.393.837/0001-50;1315;39174090;LUVA DE CORRER P/TUBO SOLD 25MM KRONA;6;UND
08.393.837/0001-50;1317;39174090;LUVA DE CORRER P/TUBO SOLD 40 MM KRONA;13;UND
08.393.837/0001-50;1318;39174090;LUVA DE CORRER P/TUBO SOLD 50MM KRONA;15;UND
08.393.837/0001-50;918;39174090;LUVA DE ELETRODUTO 20MM;0.5;UND
08.393.837/0001-50;1189;39174090;LUVA DE ESG CORPLASTIC 100MM;4.5;UND
08.393.837/0001-50;1281;40151900;LUVA DE LATEX;4.5;UND
08.393.837/0001-50;1240;39174090;LUVA DE RED.LONGA 32X25 KRONA;1.5;UND
08.393.837/0001-50;1237;39174090;LUVA ESG.KRONA 40MM;1.2;UND
08.393.837/0001-50;1238;39174090;LUVA ESG.KRONA 50MM;1.6;UND
08.393.837/0001-50;1236;39174090;LUVA ESGOT. KRONA 100MM ;4;UND
08.393.837/0001-50;1400;39174090;LUVA ESGOTO PRIM. DN 100 KRONA;4.5;UND
08.393.837/0001-50;1396;39174090;LUVA ESGOTO PRIM. DN 50 KRONA;0;UND
08.393.837/0001-50;1397;39174090;LUVA ESGOTO PRIM. DN 75 KRONA ;2.5;UND
08.393.837/0001-50;1395;39174090;LUVA ESGOTO SEC. DN 40 KRONA;1.2;UND
08.393.837/0001-50;1028;39174090;LUVA KRONA 25MM;0.5;UND
08.393.837/0001-50;670;39174090;LUVA LL 3/4 KRONA ;0.8;UND
08.393.837/0001-50;919;39174090;LUVA PARA ELETRODUTO 25MM;0.8;UND
08.393.837/0001-50;1319;39174090;LUVA RED SOLD 25 X 20MM KRONA;1;UND
08.393.837/0001-50;1320;39174090;LUVA RED SOLD 32 X 25 MM KRONA;2;UND
08.393.837/0001-50;819;39174090;LUVA SOLD  CORRE DE 1/2;0;UND
08.393.837/0001-50;1309;39174090;LUVA SOLD 20MM KRONA;0.5;UND
08.393.837/0001-50;1310;39174090;LUVA SOLD 25MM KRONA;0.8;UND
08.393.837/0001-50;817;39174090;LUVA SOLD 3/4 LR;1.5;UND
08.393.837/0001-50;1311;39174090;LUVA SOLD 32MM KRONA ;1.5;UND
08.393.837/0001-50;818;39174090;LUVA SOLD 32MM LR;2.5;UND
08.393.837/0001-50;1312;39174090;LUVA SOLD 40MM KRONA;2;UND
08.393.837/0001-50;1313;39174090;LUVA SOLD 50MM KRONA;3;UND
08.393.837/0001-50;1345;39174090;LUVA SOLD C/BUCHA LATAO 25MM X 1/2 KRONA;5;UND
08.393.837/0001-50;1343;39174090;LUVA SOLD C/BUCHA LATAO 25MM X 3/4;5;UND
08.393.837/0001-50;1342;39174090;LUVA SOLD C/BUCHA LATAO X 1/2;4;UND
08.393.837/0001-50;811;39174090;LUVA SOLD DE 1/2 LL;0.5;UND
08.393.837/0001-50;812;39174090;LUVA SOLD DE 3/4 LL;0.8;UND
08.393.837/0001-50;813;39174090;LUVA SOLD DE 32 MM LL;2;UND
08.393.837/0001-50;814;39174090;LUVA SOLD DE 40 MM LL;3;UND
08.393.837/0001-50;815;39174090;LUVA SOLD DE 50MM LL;3.5;UND
08.393.837/0001-50;1089;39174090;LUVA SOLD DE 60 MM;8;UND
08.393.837/0001-50;1331;39174090;LUVA SOLD E ROSCA (LR) 20MM X 1/2 KRONA;1;UND
08.393.837/0001-50;1332;39174090;LUVA SOLD E ROSCA (LR) 25MM X 3/4 KRONA;1.5;UND
08.393.837/0001-50;1335;39174017;LUVA SOLD E ROSCA (LR) 40MM X 1.1/4 KRONA ;4;UND
08.393.837/0001-50;1333;39174090;LUVA SOLD E ROSCA (LR)25MM X 1/2 KRONA;0.8;UND
08.393.837/0001-50;1334;39174090;LUVA SOLD E ROSCA (LR)32MM X 1;2.5;UND
08.393.837/0001-50;1336;39174090;LUVA SOLD E ROSCA (LR)50MM X 1.1/2;10;UND
08.393.837/0001-50;816;39174090;LUVA SOLD LR DE 1/2;1;UND
08.393.837/0001-50;483;39174090;LUVA SOLDAVEL 50MM KRONA ;3.49;UND
08.393.837/0001-50;539;84661000;MANDRIL E CHAVE 1/2 13MM DEWALT;15;UND
08.393.837/0001-50;1126;59090000;MANGUEIRA CRISTAL 3/4;3;MT
08.393.837/0001-50;1127;59090000;MANGUEIRA CRISTAL DE 1/2 ;2;METRO
08.393.837/0001-50;1117;39173900;MANGUEIRA DE JARDIM;16;UND
08.393.837/0001-50;1039;59090000;MANGUEIRA DE NIVEL;1;METRO
08.393.837/0001-50;595;39173900;MANGUEIRA JARDIM IBIRA TRANC 10M;25;UND
08.393.837/0001-50;1429;59090000;MANGUEIRA PARA GÁS;7.5;UND
08.393.837/0001-50;388;68071000;MANTA ASFALTICA  20CM ;11.5;METRO
08.393.837/0001-50;1149;68071000;MANTA ASFALTICA 10CM;7.5;METRO
08.393.837/0001-50;1192;68071000;MANTA ASFALTICA DENVER 10CMX10MTS;7.5;UND
08.393.837/0001-50;887;38099149;MANTA LIQ IMPERMEABILIZANTE VEDA NOVO;30;UND
08.393.837/0001-50;888;38099149;MANTA LIQ IMPERMIABILIZANTE REJUNTAMIX;20;UND
08.393.837/0001-50;889;38099149;MANTA LIQ IMPERMIABILIZANTE VEDE MAIS ;35;UND
08.393.837/0001-50;1113;38099149;MANTA LIQ. IMPERMIABILIZADORA VEDA NOVO REJUNTAMIX;20;UND
08.393.837/0001-50;690;94032000;MÃO FRANCESA DE 25CM;9.5;PAR
08.393.837/0001-50;1139;76169900;MÃO FRANCESA DE FERRO 20 CM;9;UND
08.393.837/0001-50;1140;76169900;MÃO FRANCESA DE FERRO 25CM;9;UND
08.393.837/0001-50;1141;76169900;MÃO FRANCESA DE FERRO 30CM;12;UND
08.393.837/0001-50;1142;76169900;MÃO FRANCESA DE FERRO 40CM;25;UND
08.393.837/0001-50;1143;76169900;MÃO FRANCESA DE FERRO 45CM;30;UND
08.393.837/0001-50;727;82052000;MARRETA 1KG C/C ;22;UND
08.393.837/0001-50;1207;82052000;MARRETA C/CABO 1,0KG METAL SUL;12;UND
08.393.837/0001-50;1196;82052000;MARRETA COM CABO 1,0 KG TENACE;15;UND
08.393.837/0001-50;1159;82052000;MARRETA DE 1KG C/CABO TRAM.;25;UND
08.393.837/0001-50;728;82052000;MARRETA MONF C/C 500G;15;UND
08.393.837/0001-50;1188;82052000;MARTELO BORRACHA TOMPSON PRETO 40MM;6.5;UND
08.393.837/0001-50;597;40170000;MARTELO MAMFORT  BORRACHA 40MM 6X1 ;8;UND
08.393.837/0001-50;598;82052000;MARTELO TRAMONTINA MASTER ;23;UND
08.393.837/0001-50;614;32141020;MASSA CORRIDA BD 27KG;35;UND
08.393.837/0001-50;1443;32141010;MASSA DUREPOX 100G;6.5;UND
08.393.837/0001-50;1442;32141010;MASSA DUREPOX 50G;4.5;UND
08.393.837/0001-50;599;32141010;MASSA PLASTICA IBERE CINZA ;8.5;UND
08.393.837/0001-50;1029;32141010;MASSA PLASTICA INBERÊ CINZA 12X400;8.5;UND
08.393.837/0001-50;1187;0;MASSA PLASTICA NATRIELLI 400G;7.5;UND
08.393.837/0001-50;1088;39249000;MASSEIRA DE PLASTICO ;10;UND
08.393.837/0001-50;661;25059000;MEIA CARRADA DE AREIA GROSSA ;165;UND
08.393.837/0001-50;660;25059000;MEIA CARRADA DE AREIA MEDIA;150;UND
08.393.837/0001-50;1411;39174090;MULTISIFAO DUPLO (TUBO EXTENSIVEL) KRONA ;12;UND
08.393.837/0001-50;1410;39174090;MULTISIFAO SIMPLES (TUBO EXTENSIVEL) KRONA;6;UND
08.393.837/0001-50;1097;72142000;NERVURA 1,00 MT;7.5;UND
08.393.837/0001-50;1042;72142000;NERVURA 1,20;9;UND
08.393.837/0001-50;1099;72142000;NERVURA 1.40 MT;10.5;UND
08.393.837/0001-50;1100;72142000;NERVURA 1.50 MT;11.25;UND
08.393.837/0001-50;1101;72142000;NERVURA 1.60;12;UND
08.393.837/0001-50;1102;72142000;NERVURA 1.70;12.75;UND
08.393.837/0001-50;1103;72142000;NERVURA 1.80;13.5;UND
08.393.837/0001-50;1104;72142000;NERVURA 1.90;14.25;UND
08.393.837/0001-50;1105;72142000;NERVURA 2,00 MT;15;UND
08.393.837/0001-50;1107;72142000;NERVURA 2,70;20.25;UND
08.393.837/0001-50;1106;72142000;NERVURA 2.50;18.75;UND
08.393.837/0001-50;1098;72142000;NERVURA1.30 MT;9.75;UND
08.393.837/0001-50;1367;39172300;NIPEL ROSCAVEL 1/2 KRONA;0.7;UND
08.393.837/0001-50;1368;39172300;NIPEL ROSCAVEL 3/4 KRONA;1;UND
08.393.837/0001-50;729;90153000;NIVEL DE ALUMINIO STARFER 14;12;UND
08.393.837/0001-50;1486;76042920;NIVEL DE ALUMINIO STARFER 14;12;UND
08.393.837/0001-50;454;82011000;PA BICO VIAT COM CB Y PLASTICO VIAT;25;UND
08.393.837/0001-50;1157;82011000;PÁ QUADRADA C/CABO TRAM.;25;UND
08.393.837/0001-50;446;82011000;PA QUADRADA VIAT COM CB Y PLASTICO VIAT;25;UND
08.393.837/0001-50;1271;76152000;PAPELEIRA COMPLETA;12;UND
08.393.837/0001-50;1516;76152000;PAPELEIRA COMPLETA;14;UND
08.393.837/0001-50;1112;39269090;PARAFUSO  SAN.;4.5;UND
08.393.837/0001-50;613;73181500;PARAFUSO P/BUCHA 10MM ;0.4;UND
08.393.837/0001-50;612;73181500;PARAFUSO P/BUCHA 12MM;0.5;UND
08.393.837/0001-50;611;73181500;PARAFUSO P/BUCHA 6MM;0.2;UND
08.393.837/0001-50;610;73181500;PARAFUSO P/BUCHA 8MM ;0.25;UND
08.393.837/0001-50;1508;39172900;PASSADOR DE FIO 15 METROS;12;UND
08.393.837/0001-50;698;68022100;PEDRA MARUADA  MEIA CARRADA ;200;UND
08.393.837/0001-50;1497;96040000;PENEIRA G;15;UND
08.393.837/0001-50;1495;96040000;PENEIRA G;15;UND
08.393.837/0001-50;859;68109900;PIA DE COZINHA 1,00 METRO;55;UND
08.393.837/0001-50;860;68109900;PIA DE COZINHA 1,20 METROS;70;UND
08.393.837/0001-50;861;68109900;PIA DE COZINHA 1,50 METROS;75;UND
08.393.837/0001-50;869;68109900;PIA DE MARMORE SINTETICO P/BANHEIRO;70;UND
08.393.837/0001-50;411;39229000;PIA P/BANHEIRO P PLASTICO HERC;20;UND
08.393.837/0001-50;892;96034090;PINCE DE 3/4 ATLAS;1.7;UND
08.393.837/0001-50;894;96034090;PINCEL 1 1/2;3.5;UND
08.393.837/0001-50;1078;96034090;PINCEL 1 POL;2.5;UND
08.393.837/0001-50;899;96034090;PINCEL BROCHA;4.5;UND
08.393.837/0001-50;890;96034090;PINCEL CILINDRICO CONDOR;5;UND
08.393.837/0001-50;891;96034090;PINCEL DE 1/2;1.2;UND
08.393.837/0001-50;895;96034090;PINCEL DE 2 ;4.4;UND
08.393.837/0001-50;896;96034090;PINCEL DE 2 1/2;6;UND
08.393.837/0001-50;897;96034090;PINCEL DE 3;6;UND
08.393.837/0001-50;898;96034090;PINCEL DE 4;6;UND
08.393.837/0001-50;1054;69089000;PISO DE CERAMICA;17.5;METRO
08.393.837/0001-50;1540;39259090;PLACA CEGA;4.5;UND
08.393.837/0001-50;720;85366910;PLUG FEMEA 2P;4.5;UND
08.393.837/0001-50;719;85366910;PLUG MACHO 2P;2.5;UND
08.393.837/0001-50;1369;39172300;PLUG ROSCAVEL 1/2 KRONA;0.5;UND
08.393.837/0001-50;1370;39172300;PLUG ROSCAVEL 3/4 KRONA;0.8;UND
08.393.837/0001-50;1166;85366990;PLUGUE FEMEA 3P 10A 250V;5;UND
08.393.837/0001-50;1167;85366990;PLUGUE FEMEA 3P 20A 250V;6;UND
08.393.837/0001-50;465;85366990;PLUGUE FEMIA 3P 10A 250V BR;4.5;UND
08.393.837/0001-50;1169;85366990;PLUGUE MACHO 3P 10 A 250V;5;UND
08.393.837/0001-50;1168;85366990;PLUGUE MACHO 3P 20A 250V TRAM.;5.5;UND
08.393.837/0001-50;600;39174090;PLUGUE ROSCAVEL KRONA 1/2 ;0.5;UND
08.393.837/0001-50;420;40119300;PNEU LEVORIN;35;UND
08.393.837/0001-50;455;82079000;PONTYA POWER BIT PH 2 1/4X49MM IRWIN;3;UND
08.393.837/0001-50;1501;73181600;PORCA 8;1;UND
08.393.837/0001-50;1135;44182000;PORTA ALMOFADA 70;190;UND
08.393.837/0001-50;731;83021000;PORTA CADEADO;5;UND
08.393.837/0001-50;730;83021000;PORTA CADEADO 300X2 1/2;2.5;UND
08.393.837/0001-50;1134;44182000;PORTA DE ALMOFADA 60;190;UND
08.393.837/0001-50;1136;44182000;PORTA DE ALMOFADA 80;190;UND
08.393.837/0001-50;925;39252000;PORTA SANFONADA PERFIL PLAST 72X2,10;75;UND
08.393.837/0001-50;926;39252000;PORTA SANFONADA PERFIL PLAST 84X2,10;75;UND
08.393.837/0001-50;946;39252000;PORTA SANFONADA PERFILPLAST 60X2,10;65;UND
08.393.837/0001-50;725;73083000;PORTA VENEZIANA 80 P/2,10M;185;UND
08.393.837/0001-50;1133;44182000;PORTA VERNESIANA 80;190;UND
08.393.837/0001-50;1132;44182000;PORTAL 80;0;UND
08.393.837/0001-50;1130;44182000;PORTAL DE 60;65;UND
08.393.837/0001-50;1131;44182000;PORTAL DE 70;65;UND
08.393.837/0001-50;913;73170090;PREGO BELGO 14X15 C/CABEÇA;10;KILO
08.393.837/0001-50;445;73170090;PREGO POL 18X27 COM CABEÇA 1KG ARCELOR MITTAL;10;KG
08.393.837/0001-50;601;90158090;PRUMO P/ PEDREIRO MMFORT 500G ;15;UND
08.393.837/0001-50;602;90158090;PRUMO P/ PEDREIRO MOMFORT 700G ;16;UND
08.393.837/0001-50;403;35061090;PUGLE  MACHO 2P 10A ;2.5;UND
08.393.837/0001-50;969;84248990;PULVERIZADOR EXPORT GUARANY;11;UND
08.393.837/0001-50;1266;73259990;RALO 10X10 QUADRADO;9.5;UND
08.393.837/0001-50;702;39174090;RALO P/ BANHEIRO SIMPLES REDONDO/QUADRADO;4;UND
08.393.837/0001-50;1413;39174090;RALO SIF. KRONA;5;UND
08.393.837/0001-50;761;39174090;RALO SIFONADO QUADRADO 100MM;4.5;UND
08.393.837/0001-50;561;85041000;REATOR HELFONT C  PH 18W/20W 220V;12;UND
08.393.837/0001-50;1280;73182300;REBITE;0.15;UND
08.393.837/0001-50;471;83082000;REBITE ALUMINIO 512 CX X/200 NEW-FIX;0.2;UND
08.393.837/0001-50;1184;83082000;REBITE ALUMINIO DURALYT 412 4,0X12;0.2;UND
08.393.837/0001-50;1182;83082000;REBITE DE ALUMINIO DURALYT 310 3.2X10;0.1;UND
08.393.837/0001-50;750;39174090;REDUCÃO 50X1/2 KRONA;2.5;UND
08.393.837/0001-50;849;39174090;REDUÇÃO ESG 50X40 ;1.6;UND
08.393.837/0001-50;850;39174090;REDUÇÃO ESG 75X50MM KRONA;3.5;UND
08.393.837/0001-50;686;39174090;REGISTRO  SOLDAVEL 1/2 KRONA/HERC;6;UND
08.393.837/0001-50;1517;84818093;REGISTRO DE GAVETA 1/2 TAMPA CROMADA;85.5;UND
08.393.837/0001-50;854;39174090;REGISTRO DE PASAGEM 40MM KRONA;12;UND
08.393.837/0001-50;855;39174090;REGISTRO DE PASAGEM 50MM KRONA;18;UND
08.393.837/0001-50;852;39174090;REGISTRO DE PASSAGEM KRONA 3/4;7.5;UND
08.393.837/0001-50;853;39174090;REGISTRO DE PASSAGEM KRONA 32MM;10;UND
08.393.837/0001-50;1529;84818011;REGISTRO DE PRESSAO;35;UND
08.393.837/0001-50;1259;84818011;REGISTRO DE PRESSÃO 1400 1/2 BRUTO;15;UND
08.393.837/0001-50;1262;84818011;REGISTRO DE PRESSÃO 1416 1/2 C-50 ;29;UND
08.393.837/0001-50;1260;84818011;REGISTRO DE PRESSÃO 3/4 BRUTO;15;UND
08.393.837/0001-50;971;84818011;REGISTRO DE PRESSÃO 3/4 NATAL METAIS;32;UND
08.393.837/0001-50;1190;84818011;REGISTRO DE PRESSÃO DE 1/2 L.R METAIS;29.5;UND
08.393.837/0001-50;1380;84818095;REGISTRO ESFERA SOLD 32 MM KRONA;9.5;UND
08.393.837/0001-50;1383;84818095;REGISTRO ESFERA SOLD 40MM KRONA ;13;UND
08.393.837/0001-50;1384;84818095;REGISTRO ESFERA SOLD 50MM KRONA;18;UND
08.393.837/0001-50;1378;84818095;REGISTRO ESFERA SOLD. 20MM KRONA ;6;UND
08.393.837/0001-50;1379;84818095;REGISTRO ESFERA SOLD. 25MM KRONA;7.5;UND
08.393.837/0001-50;756;84818099;REGISTRO MAQUINA DE LAVAR BRANCO 1/2;7.5;UND
08.393.837/0001-50;856;84818019;REGISTRO PRES C/CANOPLA 1/2;27;UND
08.393.837/0001-50;970;84818011;REGISTRO PRESSÃO NATAL METAIS;32;UND
08.393.837/0001-50;764;84818099;REGISTRO PVC 20 C/CANOPLA BRANCO ;7;UND
08.393.837/0001-50;765;0;REGISTRO PVC 20 PRATICO COM CANOPLA BRANCO;6.5;UND
08.393.837/0001-50;767;84818099;REGISTRO PVC 20 SEM CANOPLA BRANCO;6.5;UND
08.393.837/0001-50;766;84818099;REGISTRO PVC DE 20 SEM CANOPLA MARROM;6;UND
08.393.837/0001-50;1255;76042920;REGUA DE ALUMINIO P/PEDREIRO;27;UND
08.393.837/0001-50;1241;84811000;REGULADOR DE GÁS MEDIO;23;UND
08.393.837/0001-50;1242;84811000;REGULADOR DE GÁS PEQ;20;UND
08.393.837/0001-50;499;32149000;REJUNTE FORTCOLA C1  PRETO ;2.5;UND
08.393.837/0001-50;501;32149000;REJUNTE FORTCOLA C1 BRANCO ;2.5;UND
08.393.837/0001-50;500;32149000;REJUNTE FORTCOLA C1 CINZA;2.5;UND
08.393.837/0001-50;502;32149000;REJUNTE FORTCOLA C1 GRAFITH ;2.5;UND
08.393.837/0001-50;550;32149000;REJUNTE FORTCOLA C1 PLATINA ;2.5;UND
08.393.837/0001-50;549;32149000;REJUNTE FORTCOLA C2 PLATINA;2.5;UND
08.393.837/0001-50;503;32149000;REJUNTE FORTCOLA CII BRANCO ;2.5;UND
08.393.837/0001-50;504;32149000;REJUNTE FORTCOLA CII CINZA;2.5;UND
08.393.837/0001-50;505;32149000;REJUNTE FORTCOLA CII GRAFITH ;2.5;UND
08.393.837/0001-50;506;32149000;REJUNTE FORTCOLA CII PRETO;2.5;UND
08.393.837/0001-50;1254;32149000;REJUNTE PMG CZ PLATINA ;3;UND
08.393.837/0001-50;1178;38140090;REMOVEDOR TEMPO PASTOSO 9000 900ML;22;UND
08.393.837/0001-50;382;84819090;REPARO METAL 3/4;13;UND
08.393.837/0001-50;902;96034010;ROLO DE ESPUMA 5 CM ;3;UND
08.393.837/0001-50;903;96034010;ROLO DE ESPUMA 9 CM ;5;UND
08.393.837/0001-50;900;96034010;ROLO DE LÃ 23 CM;12;UND
08.393.837/0001-50;901;96034010;ROLO DE LÃ 5 CM;5;UND
08.393.837/0001-50;1033;96034010;ROLO DE LÃ SINT. ATLAS 23CM COM SUPORTE;12;UND
08.393.837/0001-50;1032;96034010;ROLO DE LÃ SINT.ATLAS 15CM;8.5;UND
08.393.837/0001-50;1031;96034010;ROLO DE LÃ SINT.ATLAS 9CM;6.5;UND
08.393.837/0001-50;673;96034010;ROLO DE LÃ WORKER;12;UND
08.393.837/0001-50;418;96034010;ROLO ESP. 5CM;3;UND
08.393.837/0001-50;419;96034010;ROLO ESP. 9CM;5;UND
08.393.837/0001-50;953;96034010;ROLO LÃ TIGRE;10;UND
08.393.837/0001-50;1518;76152000;SABONETEIRA STANDER;12;UND
08.393.837/0001-50;1272;76152000;SABONETEIRA STANDER;10;UND
08.393.837/0001-50;425;32081010;SECAMAX VERDE FOLHA 1L;14;UND
08.393.837/0001-50;626;32091010;SELADORA CRILICO PIG GL ;16;GL
08.393.837/0001-50;1476;32091010;SELADORA P/MADEIRA GL;45;GL
08.393.837/0001-50;1425;82029100;SERRA STARRET;5;UND
08.393.837/0001-50;758;39174090;SIFÃO SIMPLES TUBO EXTENSIVO DN 38/40/48/50MM KRONA;6;UND
08.393.837/0001-50;759;39174090;SIFÃO TUBO EXTENSIVO DUPLO BRANCO 38/40/48/60MM;12;UND
08.393.837/0001-50;527;39172900;SIFRÃO CROMADO  DELFLEX SIMPLES ;13.5;UND
08.393.837/0001-50;529;39172900;SIFRÃO DEL FLEX TRIPLO ;16.5;UND
08.393.837/0001-50;528;39172900;SIFRÃO DELFLEZ PVC  DUPLO ;12;UND
08.393.837/0001-50;1505;39172900;SIFRÃO DUPLO KRONA;12;UND
08.393.837/0001-50;531;39172900;SIFRÃO SIMPLES HERC ;6;UND
08.393.837/0001-50;715;39209910;SILICONE ;5.5;UND
08.393.837/0001-50;1161;39100013;SILICONE 250 G ORBI;14;UND
08.393.837/0001-50;1179;35061090;SILICONE 50G BRASCOVED TRNSP 50G;5.5;UND
08.393.837/0001-50;1243;39100013;SILICONE ORBI ALTA TEMP 12X50G;5.5;UND
08.393.837/0001-50;876;28070010;SODA CAUSTICA 1L;4;UND
08.393.837/0001-50;878;28151100;SODA CAUSTICA GRANULADA TREVO;5.5;UND
08.393.837/0001-50;1151;85366990;SOLDA ESTANHO FOX LUX;7.5;UND
08.393.837/0001-50;1245;85366100;SOQUETE PERFLEX PRETO;2.5;UND
08.393.837/0001-50;668;21050010;SORVENTE/DELUENTE STAR ;11;UND
08.393.837/0001-50;1445;32089010;SPRAY COLORART PREETO BRILHOSO;12;UND
08.393.837/0001-50;1444;32089010;SPRAY COLORART PRETO FOSCO;14;UND
08.393.837/0001-50;932;32082011;SPRAY TINTA LUX 400ML;14;UND
08.393.837/0001-50;1081;32082011;SPRAY TINTA LUX AZ ESCURO 400ML;12;UND
08.393.837/0001-50;1079;32082011;SPRAY TINTA LUX VERDE ESC 400ML;12;UND
08.393.837/0001-50;1080;32082011;SPRAY TINTAS LUS ROSA 400ML;12;UND
08.393.837/0001-50;933;85365090;STARTER P/LAMPADA FLUORESCENTE 30W-40W;2;UND
08.393.837/0001-50;1051;73269090;SUPORTE P/ ROLO ATLAS;5;UND
08.393.837/0001-50;955;39229000;TAMPA DE RALO PLAST. QUADRADO 10CM;2.5;UN
08.393.837/0001-50;481;39174090;TAMPA P/PIA E LAVATORIO KRONA ;0.5;UND
08.393.837/0001-50;956;39229000;TAMPA REDONDA PARA RALO 10 CM;2.5;UND
08.393.837/0001-50;699;39174090;TE 40MM ESGOTO;1.6;UND
08.393.837/0001-50;829;39174090;TE DE ESG 40MM KRONA;1.6;UND
08.393.837/0001-50;833;39174090;TE DE ESG 75 MM CRONA;6.5;UND
08.393.837/0001-50;807;39174090;TE DE SOLD 3/4 LR ;1.5;UND
08.393.837/0001-50;834;39174090;TE ESG 100 MM KRONA;7.5;UND
08.393.837/0001-50;831;39174090;TE ESG 50MM KRONA;4.3;UND
08.393.837/0001-50;830;39174090;TE ESG DE 50 MM;4.2;UND
08.393.837/0001-50;478;39174090;TE ESGOTO 100MM KRONA ;7.5;UND
08.393.837/0001-50;1177;85369090;TE PINO 3 SAIDAS ROMAZI 2P 10A CINZA;6;UND
08.393.837/0001-50;477;39174090;TE ROSCAVEL 1/2 KRONA ;2;UND
08.393.837/0001-50;804;39174090;TE SOLD 1/2 LL;0.8;UND
08.393.837/0001-50;1321;39174090;TE SOLD 20MM KRONA;1;UND
08.393.837/0001-50;1322;39174090;TE SOLD 25MM KRONA ;1.5;UND
08.393.837/0001-50;806;39174090;TE SOLD 3/4 LR;0.8;UND
08.393.837/0001-50;808;39174090;TE SOLD 32 MM;2;UND
08.393.837/0001-50;1323;39174090;TE SOLD 32MM KRONA;2;UND
08.393.837/0001-50;1376;39174090;TE SOLD C/BUCHA LATAO 25MM X 1/2 KRONA ;5;UND
08.393.837/0001-50;805;39174090;TE SOLD DE 1/2 LR;1.5;UND
08.393.837/0001-50;809;39174090;TE SOLD DE 40MM;3;UND
08.393.837/0001-50;810;39174090;TE SOLD DE 50 MM;4.5;UND
08.393.837/0001-50;1338;39174090;TE SOLD E ROSCA (LR) 20MM  X 1/2 KRONA;1.5;UND
08.393.837/0001-50;1339;39174090;TE SOLD E ROSCA (LR) 25MM X 3/4;2;UND
08.393.837/0001-50;1374;39174090;TE SOLD. C/BUCHA LATAO 20MM X 1/2 KRONA;4;UND
08.393.837/0001-50;1375;39174090;TE SOLD. C/BUCHA LATAO 25MM X 3/4 KRONA;5;UND
08.393.837/0001-50;472;39174090;TE SOLDAVEL 25MM 3/4 LL KRONA ;1.5;UND
08.393.837/0001-50;1060;63079090;TELA DE PROTEÇÃO VERDE;4.5;UND
08.393.837/0001-50;1070;54077200;TELA NORTENE 1X1;6.5;MT
08.393.837/0001-50;1247;54077200;TELA PINTEIRO ROMA;6.5;METRO
08.393.837/0001-50;1041;68118200;TELHA BRASILIT;16.5;UND
08.393.837/0001-50;365;69051000;TELHA CERAMICA TIPO 1;0.42;UND
08.393.837/0001-50;366;69051000;TELHA CERAMICA TIPO 2 ;0.37;UND
08.393.837/0001-50;685;69051000;TELHA DE CERAMICA 2;0.37;UND
08.393.837/0001-50;479;39219090;TELHA TRANSPARENTE LEITOSA 2 ONDAS GRANPLAST ;8.5;UND
08.393.837/0001-50;922;38140090;THINER ANJO 900ML;11;UND
08.393.837/0001-50;383;84819090;THINER NATRIELLE 900ML;14;UND
08.393.837/0001-50;352;69041000;TIJOLOS BRANCO ;0.3;UND
08.393.837/0001-50;348;69041000;TIJOLOS DE 8 FURO TIPO I;0.42;UNI
08.393.837/0001-50;351;69041000;TIJOLOS DE 8 FURO TIPO I;0.42;UND
08.393.837/0001-50;1455;32091010;TINTA  SUPER DEMAIS VERDE PISCINA;17;GL
08.393.837/0001-50;644;32091010;TINTA  SUPER DEMAIS VERDE SIENA GL HIDROTINTAS ;17;UND
08.393.837/0001-50;510;32100010;TINTA D/ PEQUENA ALUMINIO 112,5ML ;3.5;UND
08.393.837/0001-50;511;32100010;TINTA D/ PIQUENA LUX 112,5ML AZUL DEL REY ;3.5;UND
08.393.837/0001-50;426;25223000;TINTA EM PO ROSA HIDROTINTAS SC ;4.5;SC
08.393.837/0001-50;713;32100010;TINTA ESMALTE SINTETICO BRANCA  3,6;45;UND
08.393.837/0001-50;525;32100010;TINTA ESMALTE SINTETICO BRANCO NEVE AQUARELA;14;UND
08.393.837/0001-50;523;32100010;TINTA ESMALTE SINTETICO CERAMICA 1/4 PINTALUX ;14;UND
08.393.837/0001-50;519;32100010;TINTA ESMALTE SINTETICO CINZA MEDIO SECAGEM RAPIDA;14;UND
08.393.837/0001-50;716;32100010;TINTA ESMALTE SINTETICO FORTNIL ;45;UND
08.393.837/0001-50;524;32100010;TINTA ESMALTE SINTETICO MARRO TABACO AQUARELA ;14;UND
08.393.837/0001-50;521;32100010;TINTA ESMALTE SINTETICO VERMELHO FERRARI  LUX;14;UND
08.393.837/0001-50;1481;32091010;TINTA HIDROTINTAS MEGA-PISO CERAMICA GL;35;GL
08.393.837/0001-50;623;32091010;TINTA HIDROTINTAS MEGA-PISO CINZA GL ;35;GL
08.393.837/0001-50;1480;32091010;TINTA HIDROTINTAS MEGA-PISO CONCRETO GL;35;GL
08.393.837/0001-50;624;32091010;TINTA HIDROTINTAS MEGA-PISO VERDE GL ;35;GL
08.393.837/0001-50;625;32091010;TINTA HIDROTINTAS MEGA-PISO VERMELHO GL ;35;GL
08.393.837/0001-50;428;32091010;TINTA LAVAVEL AMARELO MILHO;17;UND
08.393.837/0001-50;434;32091010;TINTA LAVAVEL BRANCO GELO;17;UND
08.393.837/0001-50;433;32091010;TINTA LAVAVEL BRANCO NEVE;17;UND
08.393.837/0001-50;431;32091010;TINTA LAVAVEL EXTRA AZUL MARINHO;35;UND
08.393.837/0001-50;1465;32091010;TINTA LAVAVEL EXTRA AZUL MARINHO;30;GL
08.393.837/0001-50;616;32091010;TINTA LAVAVEL EXTRA BARCELONA ;35;GL
08.393.837/0001-50;1461;32091010;TINTA LAVAVEL EXTRA CAFÉ;30;GL
08.393.837/0001-50;618;32091010;TINTA LAVAVEL EXTRA CARANGUEIJO GL ;35;UND
08.393.837/0001-50;435;32091010;TINTA LAVAVEL EXTRA CHOCOLATE;35;UND
08.393.837/0001-50;1466;32091010;TINTA LAVAVEL EXTRA GENGIBRE;30;GL
08.393.837/0001-50;1462;32091010;TINTA LAVAVEL EXTRA LARANJA;30;GL
08.393.837/0001-50;620;32091010;TINTA LAVAVEL EXTRA ROSADO SUBLIME GL ;35; GL
08.393.837/0001-50;430;32091010;TINTA LAVAVEL EXTRA UVA;35;UND
08.393.837/0001-50;1464;32091010;TINTA LAVAVEL EXTRA VENEZA;30;GL
08.393.837/0001-50;429;32091010;TINTA LAVAVEL EXTRA VERDE BANDEIRA;35;UND
08.393.837/0001-50;1463;32091010;TINTA LAVAVEL EXTRA VERDE ESPERANÇA;30;GL
08.393.837/0001-50;1119;32091010;TINTA LAVAVEL VIP COLOR 18 L;65;UND
08.393.837/0001-50;646;32091010;TINTA MAXLIT AMARELO SINTETICO LT ;13;UND
08.393.837/0001-50;647;32091010;TINTA MAXLIT AZUL DELREY SINTETICO LT ;13;UND
08.393.837/0001-50;648;32091010;TINTA MAXLIT AZUL FRANCA SINTETICO LT ;13;UND
08.393.837/0001-50;649;32091010;TINTA MAXLIT BRANCO GELO SINTETICO LT ;13;UND
08.393.837/0001-50;1467;32100010;TINTA MAXLIT CINZA MEDIO 3,6 SINTETICO LT;45;LT
08.393.837/0001-50;1471;32100010;TINTA MAXLIT CINZA PLATINA 3,6 SINTETICO LT;45;UND
08.393.837/0001-50;1470;32100010;TINTA MAXLIT CINZA PLATINA SINTETICO LT;14;UND
08.393.837/0001-50;651;32091010;TINTA MAXLIT CONHAQUE  SINTETIO LT ;14;UND
08.393.837/0001-50;1118;32100010;TINTA MAXLIT CONHAQUE 3,6 SINTETICO LT ;45;LT
08.393.837/0001-50;427;32081010;TINTA MAXLIT PRETO SINTETICO LT;14;LT
08.393.837/0001-50;1472;32100010;TINTA MAXLIT PRETO3,6 SINTETICO LT;14;LT
08.393.837/0001-50;1474;32100010;TINTA MAXLIT TABACO 3,6 SINTETICO LT;45;LT
08.393.837/0001-50;522;32100010;TINTA MAXLIT TABACO ESMALTE SINTETICO LT;14;UND
08.393.837/0001-50;1469;32100010;TINTA MAXLIT VERDE NILO SINTETICO LT;14;UND
08.393.837/0001-50;1468;32100010;TINTA MAXLIT VERMELHO SINTETICO LT;14;UND
08.393.837/0001-50;653;32091010;TINTA MAXLIT VINHO SINTETICO LT;14;UND
08.393.837/0001-50;650;32091010;TINTA MAXTIL BRANCO HIDROTINTAS;14;UND
08.393.837/0001-50;432;32091010;TINTA PISO VERDE HIDROPISO GL;35;UND
08.393.837/0001-50;683;32100010;TINTA SINTETICA  BRANCO NEVE FORTCOLA ;45;UND
08.393.837/0001-50;604;32082011;TINTA SPRAY  CHEMIC ALUMINIO 400ML;12;UND
08.393.837/0001-50;605;32082011;TINTA SPRAY CHEMIC DOURADO 400ML;15;UND
08.393.837/0001-50;606;32082011;TINTA SPRAY CHEMIC VERMELHO 400ML;12;UND
08.393.837/0001-50;664;32082011;TINTA SPRAY HITSCOLOR PRETO ALTA TEMPERATURA 650°C;15;UND
08.393.837/0001-50;622;32082011;TINTA SPRY HITSCOLOR USO GERAL BRANCO GELADEIRA ;12;UND
08.393.837/0001-50;629;32091010;TINTA SUPER DEMAIS AMARELO MILHO ;17;GL
08.393.837/0001-50;630;32091010;TINTA SUPER DEMAIS AZUL OCEANO HIDROTINTAS;17;GL
08.393.837/0001-50;1459;32091010;TINTA SUPER DEMAIS BOREAL;17;GL
08.393.837/0001-50;627;32091010;TINTA SUPER DEMAIS BRANCO GELO BD HIDRO ;65;BD
08.393.837/0001-50;628;32091010;TINTA SUPER DEMAIS BRANCO NEVE BD HIDRO ;65;BD
08.393.837/0001-50;631;32091010;TINTA SUPER DEMAIS CAMARAO GL HIDROTINTAS;17;GL
08.393.837/0001-50;632;32091010;TINTA SUPER DEMAIS FLAMINGO GL HIDROTINTAS ;17;GL
08.393.837/0001-50;636;32091010;TINTA SUPER DEMAIS LILAS GL HIDROTINTAS;17;GL
08.393.837/0001-50;633;32091010;TINTA SUPER DEMAIS LILAS GL HIDROTINTAS ;17;GL
08.393.837/0001-50;637;32091010;TINTA SUPER DEMAIS MELANCIA GL HIDROTINTA;17;GL
08.393.837/0001-50;638;32091010;TINTA SUPER DEMAIS MENTA GL HIDROTINTAS;17;GL
08.393.837/0001-50;639;32091010;TINTA SUPER DEMAIS PESSEGO HIDROTINTAS;17;GL
08.393.837/0001-50;640;32091010;TINTA SUPER DEMAIS PITANGA GL ;17;GL
08.393.837/0001-50;641;32091010;TINTA SUPER DEMAIS ROSA PETALA GL HIDROTINTAS;17;GL
08.393.837/0001-50;642;32091010;TINTA SUPER DEMAIS VERDE LIMA GL HIDROTINTAS ;17;GL
08.393.837/0001-50;643;32091010;TINTA SUPER DEMAIS VERDE PRIMAVERA GL HIDROTINTAS;17;GL
08.393.837/0001-50;1458;32091010;TINTA SUPER DEMAIS VERDE SIENA ;17;GL
08.393.837/0001-50;378;25223000;TINTA SUPERCAL 5KG HIDROTINTAS;6;SC
08.393.837/0001-50;514;32100010;TINTA ZARCÃO AQUARELA VERMELHO OXIDO ;9;UND
08.393.837/0001-50;517;32100010;TINTA ZARCÃO CINZA STAR 1/4;9;UND
08.393.837/0001-50;526;32100010;TINTA ZARCÃO PRETO STAR 1/4 ;9;UND
08.393.837/0001-50;512;32100010;TINTA ZARCÃO STAR 1/4;9;UND
08.393.837/0001-50;1068;32141020;TINTAS LUX MASSA CORRIDA 18L;40;UND
08.393.837/0001-50;405;35061090;TOMADA 10A SOB DUPLA LIZFLEX;15.5;UND
08.393.837/0001-50;1050;85366990;TOMADA 2P+T 20A LUX2;8.5;UND
08.393.837/0001-50;1163;85366990;TOMADA DUPLA LUX2 TRAM.;9.5;UND
08.393.837/0001-50;1154;35061090;TOMADA DUPLA SOBREPOR LIZFLEX TRAM.;14;UND
08.393.837/0001-50;1155;85366990;TOMADA SIMPLES SOBREPOR LIZAFEX TRAM.;10;UND
08.393.837/0001-50;370;85366990;TOMADA SOB LIXFLEX ;8.5;UND
08.393.837/0001-50;1507;85366990;TOMADA TRIPLA LUX 2 TRAMONTINA;15.5;UND
08.393.837/0001-50;1267;84818011;TORNEIRA 1120 1/2 E 3/4 AMARELA;13.5;UND
08.393.837/0001-50;1527;84818011;TORNEIRA 1128 AMARELA;20;UND
08.393.837/0001-50;1528;84818011;TORNEIRA 1128 CROMAD;25;und
08.393.837/0001-50;1269;84818011;TORNEIRA 11281/2X3/4 CROMADA;18;UND
08.393.837/0001-50;1420;84818011;TORNEIRA 1168 GIR PAREDE BA 1/2 E 3/4 C-40 CROMADA 1/4VOLTA  TALITA;45;UND
08.393.837/0001-50;1273;84818011;TORNEIRA 1193 LUXO C-23 VEDANTE;28;UND
08.393.837/0001-50;1270;84818011;TORNEIRA 1428 C-33 VEDANTE;45;UND
08.393.837/0001-50;1258;84818011;TORNEIRA 20CM 1159 C40;36.5;UND
08.393.837/0001-50;1257;84818011;TORNEIRA 22CM 1159 C33;35;UND
08.393.837/0001-50;1268;84818011;TORNEIRA AMARELA 1128 1/2 E 3/4;16.5;UND
08.393.837/0001-50;772;84818019;TORNEIRA BICA MOVEL PREMIUM PLUS;32;UND
08.393.837/0001-50;1401;84818019;TORNEIRA BOIA PARA CAIXA DAGUA 1/2 KRONA;7.5;UND
08.393.837/0001-50;1537;84818019;TORNEIRA COZINHA;5.5;UND
08.393.837/0001-50;1538;84818019;TORNEIRA COZINHA 15 CM;5.5;UND
08.393.837/0001-50;785;84818019;TORNEIRA DE ALAVANCA 18CM 1/2 BRANCA;6;UND
08.393.837/0001-50;784;84818019;TORNEIRA DE COZINHA 15CM 1/2 BRANCA;5;UND
08.393.837/0001-50;782;84818099;TORNEIRA DE JARDIM COM ADAPTADOR DE P/ 3/4;3;UND
08.393.837/0001-50;781;84818099;TORNEIRA DE TANQUE 15CM 1/2BRANCA C/ROSCAA C/BICO;4;UND
08.393.837/0001-50;1274;84818011;TORNEIRA GIR. PAREDE B.A 1168 C-40;47.85;UND
08.393.837/0001-50;1256;84818011;TORNEIRA GIR.PAREDE 1168 C-33;47.85;UND
08.393.837/0001-50;679;84818019;TORNEIRA HERC D/ JARDIM 1/2 PRETA ;3;UND
08.393.837/0001-50;489;84818019;TORNEIRA JADIM 20MM 1/2  HERC ;3;UND
08.393.837/0001-50;1534;84818099;TORNEIRA JARDIM ;3.5;UND
08.393.837/0001-50;786;84818019;TORNEIRA LAVATORIO 1/2 BRANCA;6;UND
08.393.837/0001-50;770;84818019;TORNEIRA LAVATORIO ALAVANCA PREMIUM;25;UND
08.393.837/0001-50;771;84818019;TORNEIRA LAVATORIO BICA ALTA BALCÃO PLUS ;30;UND
08.393.837/0001-50;763;84818019;TORNEIRA LAVATORIO PLUS BRANCA;9;UND
08.393.837/0001-50;769;84818019;TORNEIRA LAVATORIO PREMIUM PLUS;21;UND
08.393.837/0001-50;941;84818019;TORNEIRA MOVEL PARA BANHEIRO HERK;15;UND
08.393.837/0001-50;783;84818099;TORNEIRA MULTI-USO 15CM 1/2 BRANCA;3;UND
08.393.837/0001-50;1535;84818099;TORNEIRA MULT-USO 15CM;4.5;UND
08.393.837/0001-50;942;84818099;TORNEIRA P/BANHEIRO SIMPLES HERC;7.5;UND
08.393.837/0001-50;1138;84818019;TORNEIRA PARA GELAGUA;4.5;UND
08.393.837/0001-50;1275;84818011;TORNEIRA TAMPA CROMADA 1194 C-40;45;UND
08.393.837/0001-50;1536;84818099;TORNEIRA TANQUE 10CM;5.5;UND
08.393.837/0001-50;1533;84818099;TORNEIRA TANQUE 10CM;4.5;UND
08.393.837/0001-50;774;84818099;TORNEIRA TANQUE MAQUINA PLUS;25;UND
08.393.837/0001-50;773;84818099;TORNEIRA TANQUE MAUINA PRATICA;25;UND
08.393.837/0001-50;1503;73084000;TRELIÇA ;4.5;MT
08.393.837/0001-50;1121;90178010;TRENA 5M;8.5;UND
08.393.837/0001-50;1203;90178010;TRENA COM TRAVA 5M IRWIM;15;UND
08.393.837/0001-50;1204;90178090;TRENA COM TRAVA 5MX16MM THOMPSON;8.5;UND
08.393.837/0001-50;480;90178010;TRENA EMBORRACHADA 5MX19MM HAMMER;9;UND
08.393.837/0001-50;669;96034090;TRINCHA 1POL ATLAS/CONDR ;2;UND
08.393.837/0001-50;718;96034090;TRINCHA DE 2 POLEGADAS;2.5;UND
08.393.837/0001-50;717;96034090;TRINCHA DE 3/4;1.5;UND
08.393.837/0001-50;705;39174090;TUBO DE 50MM SOLDAVEL KRONA/TECTUBO;8.5;UND
08.393.837/0001-50;927;73063000;TUBO DE ANTENA 3/4;16;UND
08.393.837/0001-50;490;39172300;TUBO DE ESGOTO 50MM KRONA ;4.3;M
08.393.837/0001-50;380;39172300;TUBO D'GUA 1/2 TECTUBO/KRONA/TIGRE;1.5;METRO
08.393.837/0001-50;848;39172300;TUBO ESG 100MM KRONA;8.5;METRO
08.393.837/0001-50;1110;39172300;TUBO ESG 150MM;21;UND
08.393.837/0001-50;845;39172300;TUBO ESG 40MM KRONA;3;METRO
08.393.837/0001-50;846;39172300;TUBO ESG 50MM KRONA;4.3;METRO
08.393.837/0001-50;847;39172300;TUBO ESG 75MM KRONA;7.5;METRO
08.393.837/0001-50;657;39172300;TUBO ESGOTO 40MM  TECTUBO/KRONA;3;UND
08.393.837/0001-50;659;39172300;TUBO ESGOTO 50MM TECTUBO/KRONA ;4.3;METRO
08.393.837/0001-50;491;39172300;TUBO ESGOTO 75MM TECTUBO ;7.5;M
08.393.837/0001-50;658;39172300;TUBO ESGOTO100MM TECTUBO/KRONA ;8.5;METRO
08.393.837/0001-50;1176;39172300;TUBO P/CAIXA DE DESCARGA GANPLAST;9;UND
08.393.837/0001-50;1357;39172300;TUBO PVC ESGOTO PRIM. 6M - DN 100 ;8.5;MET
08.393.837/0001-50;1358;39172300;TUBO PVC ESGOTO PRIM. 6M - DN 150;20;MET
08.393.837/0001-50;1360;39172300;TUBO PVC ESGOTO PRIM. 6M - DN 150 KRONA;20;MET
08.393.837/0001-50;1356;39172300;TUBO PVC ESGOTO PRIM. 6M - DN 75 KRONA;7.5;MET
08.393.837/0001-50;1355;39172300;TUBO PVC ESGOTO PRIM.6M - DN 50 KRONA;45;UND
08.393.837/0001-50;1348;39172300;TUBO PVC SOLDAVEL 6 M - 25MM KRONA ;15;UND
08.393.837/0001-50;1347;39172300;TUBO PVC SOLDAVEL 6M - 20MM KRONA;9;UND
08.393.837/0001-50;1349;39172300;TUBO PVC SOLDAVEL 6M - 32MM KRONA ;18;UND
08.393.837/0001-50;1351;39172300;TUBO PVC SOLDAVEL 6M - 40 MM KRONA;42;UND
08.393.837/0001-50;1352;39172300;TUBO PVC SOLDAVEL 6M - 50MM KRONA ;51;UND
08.393.837/0001-50;841;39172300;TUBO SOLD 25MM TEC TUBOS;2.3;METRO
08.393.837/0001-50;842;39172300;TUBO SOLD 32MM TEC TUBO;3;METRO
08.393.837/0001-50;843;39172300;TUBO SOLD 40MM TEC TUBO;7;METRO
08.393.837/0001-50;844;39172300;TUBO SOLD 50MM TEC TUBO;8.5;METRO
08.393.837/0001-50;839;39172300;TUBO SOLD PVC 20MM TEC TUBO;0;
08.393.837/0001-50;492;39172300;TUBO SOLDAVEL 20MM TECTUBO ;1.5;M
08.393.837/0001-50;493;39172300;TUBO SOLDAVEL 25MM TECTUBO;2.3;M
08.393.837/0001-50;751;39172300;TUBO SOLDAVEL 3/4 (METRO);2.3;UND
08.393.837/0001-50;655;39172300;TUBO SOLDAVEL DE 1/2  TECTUBO/KRONA;1.5;METRO
08.393.837/0001-50;656;39172300;TUBO SOLDAVEL DE 3/4 TECTUBO/KRONA;2.3;METRO
08.393.837/0001-50;840;39172300;TUDO SOLD 20MM;1.5;METRO
08.393.837/0001-50;1324;39174090;UNIAO SOLD 20MM KRONA ;4;UND
08.393.837/0001-50;1325;39174090;UNIAO SOLD 25MM KRONA;5;UND
08.393.837/0001-50;1035;39174090;VALVULA PARA PIA KRONA ;2.5;UND
08.393.837/0001-50;1034;39174090;VALVULA PARA TANQUE, LAVATORIO  KRONA;2.5;UND
08.393.837/0001-50;1525;84818011;VALVULA PIA;18;UND
08.393.837/0001-50;494;84813000;VALVULA POÇO CRIVO ROSC PVC 3/4 HIGIBAN;15;UND
08.393.837/0001-50;1431;73043990;VARÃO DE CORTINA ALPHA 1,5;15;UND
08.393.837/0001-50;1432;73043990;VARÃO DE CORTINA ALPHA 2,OO;20;UND
08.393.837/0001-50;972;82013000;VASSOURA DE JARDIM 18 ARAMES REGULAGEM COLINS;16;UND
08.393.837/0001-50;1087;84149039;VEDA ANEL PUVETEC;7.5;UND
08.393.837/0001-50;1128;38244000;VEDA CALHA MUNDIAL PRIME 300 ML;14;UND
08.393.837/0001-50;1072;39209990;VEDA ROSCA POLYFITA;2.5;UND
08.393.837/0001-50;1073;39209990;VEDA ROSCA POLYFITA 12MMX10;1.2;UND
08.393.837/0001-50;671;39209990;VEDA ROSCA POLYFITA PTFE 100% PURO;1.2;UND
08.393.837/0001-50;520;32100010;VERNIZ IPE 0,9L FORTNIL SCAGEM EXTRARAPIDA;15;UND
08.393.837/0001-50;518;32100010;VERNIZ SINTETICO CEREJEIRA FORTNIL 0,9L;15;UND
08.393.837/0001-50;515;32100010;VERNIZ SINTETICO CEREJEIRA HIDROTINTA SECAGEM EXTRA RAPIDA ;17;UND
08.393.837/0001-50;516;32100010;VERNIZ SINTETICO HIDROTINTAS SECAGEM EXTRA RAPIDA ;17;UND
08.393.837/0001-50;665;68109100;VIRGA 1,00;11.5;UND
08.393.837/0001-50;1093;68109100;VIRGA 2,OO MT;23;UND
08.393.837/0001-50;1055;68109100;VIRGA DE 1,20 METRO;13.8;UND
08.393.837/0001-50;1058;68109100;VIRGA DE 1,50 METRO;17.25;UND
08.393.837/0001-50;1094;68109100;VIRGA DE 2,5;42.5;UND
08.393.837/0001-50;1095;68109100;VIRGA DE 3,00 MT;66;UND
08.393.837/0001-50;1096;68109100;VIRGA DE 3,50 MT;77;UND
08.393.837/0001-50;1036;38249941;WHITE LUB;7.5;UND
